,Chemistry,amine,cyclocarbonate,hydroxyl,isocyanate
0,NIPU,[#7](-[#6](-[#6](-[#8]-[#6](-[#6](-[#8]-[#6](-[#6](-[#7](-[H])-[H])(-[H])-[H])(-[H])-[H])(-[H])-[H])(-[H])-[H])(-[H])-[H])(-[H])-[H])(-[H])-[H],[#6](-[#6](-[#6]1(-[#8]-[#6](=[#8])-[#8]-[#6]-1(-[#6](-[#6]1(-[#8]-[#6](=[#8])-[#8]-[#6]-1(-[#6](-[#6]1(-[#8]-[#6](=[#8])-[#8]-[#6]-1(-[#6](-[#6](-[#6](-[#6](-[#6](-[#6](-[#6](-[#6](=[#8])-[#8]-[#6](-[H])(-[H])-[H])(-[H])-[H])(-[H])-[H])(-[H])-[H])(-[H])-[H])(-[H])-[H])(-[H])-[H])(-[H])-[H])-[H])-[H])(-[H])-[H])-[H])-[H])(-[H])-[H])-[H])-[H])(-[H])-[H])(-[H])(-[H])-[H],,
1,NIPU,[#7](-[#6](-[#6](-[#6](-[#6](-[#6](-[#6](-[#7](-[#6](=[#8])-[#6](-[#6](-[#8]-[H])(-[#6](-[#6](=[#8])-[#7](-[#6](-[#6](-[#6](-[#6](-[#6](-[#6](-[#7](-[H])-[H])(-[H])-[H])(-[H])-[H])(-[H])-[H])(-[H])-[H])(-[H])-[H])(-[H])-[H])-[H])(-[H])-[H])-[#6](=[#8])-[#7](-[#6](-[#6](-[#6](-[#6](-[#6](-[#6](-[#7](-[H])-[H])(-[H])-[H])(-[H])-[H])(-[H])-[H])(-[H])-[H])(-[H])-[H])(-[H])-[H])-[H])(-[H])-[H])-[H])(-[H])-[H])(-[H])-[H])(-[H])-[H])(-[H])-[H])(-[H])-[H])(-[H])-[H])(-[H])-[H],[#6](-[#6](-[#6]1(-[#8]-[#6](=[#8])-[#8]-[#6]-1(-[#6](-[#6]1(-[#8]-[#6](=[#8])-[#8]-[#6]-1(-[#6](-[#6]1(-[#8]-[#6](=[#8])-[#8]-[#6]-1(-[#6](-[#6](-[#6](-[#6](-[#6](-[#6](-[#6](-[#6](=[#8])-[#8]-[#6](-[#6](-[#8]-[#6](-[#6](-[#8]-[#6](-[#6](-[#8]-[#6](-[#6](-[#8]-[#6](-[#6](-[#8]-[#6](-[#6](-[#8]-[#6](-[#6](-[#8]-[#6](-[#6](-[#8]-[#6](-[#6](-[#8]-[#6](-[#6](-[#8]-[#6](-[#6](-[#8]-[#6](-[#6](-[#8]-[#6](-[#6](-[#8]-[#6](-[#6](-[#8]-[#6](-[#6](-[#8]-[#6](-[#6](-[#8]-[#6](-[#6](-[#8]-[#6](-[#6](-[#8]-[#6](-[#6](-[#8]-[#6](-[#6](-[#8]-[#6](-[#6](-[#8]-[#6](-[#6](-[#8]-[#6](-[#6](-[#8]-[#6](-[#6](-[#8]-[#6](-[#6](-[#8]-[#6](-[#6](-[#8]-[#6](-[#6](-[#8]-[#6](-[#6](-[#8]-[#6](-[#6](-[#8]-[#6](-[#6](-[#8]-[#6](-[#6](-[#8]-[#6](-[#6](-[#8]-[#6](=[#8])-[#6](-[#6](-[#6](-[#6](-[#6](-[#6](-[#6](-[#6]1(-[#8]-[#6](=[#8])-[#8]-[#6]-1(-[#6](-[#6]1(-[#8]-[#6](=[#8])-[#8]-[#6]-1(-[#6](-[#6]1(-[#8]-[#6](=[#8])-[#8]-[#6]-1(-[#6](-[#6](-[H])(-[H])-[H])(-[H])-[H])-[H])-[H])(-[H])-[H])-[H])-[H])(-[H])-[H])-[H])-[H])(-[H])-[H])(-[H])-[H])(-[H])-[H])(-[H])-[H])(-[H])-[H])(-[H])-[H])(-[H])-[H])(-[H])-[H])(-[H])-[H])(-[H])-[H])(-[H])-[H])(-[H])-[H])(-[H])-[H])(-[H])-[H])(-[H])-[H])(-[H])-[H])(-[H])-[H])(-[H])-[H])(-[H])-[H])(-[H])-[H])(-[H])-[H])(-[H])-[H])(-[H])-[H])(-[H])-[H])(-[H])-[H])(-[H])-[H])(-[H])-[H])(-[H])-[H])(-[H])-[H])(-[H])-[H])(-[H])-[H])(-[H])-[H])(-[H])-[H])(-[H])-[H])(-[H])-[H])(-[H])-[H])(-[H])-[H])(-[H])-[H])(-[H])-[H])(-[H])-[H])(-[H])-[H])(-[H])-[H])(-[H])-[H])(-[H])-[H])(-[H])-[H])(-[H])-[H])(-[H])-[H])(-[H])-[H])(-[H])-[H])(-[H])-[H])(-[H])-[H])(-[H])-[H])(-[H])-[H])(-[H])-[H])(-[H])-[H])(-[H])-[H])(-[H])-[H])(-[H])-[H])(-[H])-[H])(-[H])-[H])(-[H])-[H])(-[H])-[H])(-[H])-[H])(-[H])-[H])(-[H])-[H])(-[H])-[H])(-[H])-[H])(-[H])-[H])(-[H])-[H])(-[H])-[H])(-[H])-[H])(-[H])-[H])(-[H])-[H])(-[H])-[H])(-[H])-[H])(-[H])-[H])(-[H])-[H])(-[H])-[H])-[H])-[H])(-[H])-[H])-[H])-[H])(-[H])-[H])-[H])-[H])(-[H])-[H])(-[H])(-[H])-[H],,
2,NIPU,[#7](-[#6](-[#6](-[#6](-[#6](-[#7](-[H])-[H])(-[H])-[H])(-[H])-[H])(-[H])-[H])(-[H])-[H])(-[H])-[H],[#6](-[#6](-[#6]1(-[#8]-[#6](=[#8])-[#8]-[#6]-1(-[#6](-[#6]1(-[#8]-[#6](=[#8])-[#8]-[#6]-1(-[#6](-[#6]1(-[#8]-[#6](=[#8])-[#8]-[#6]-1(-[#6](-[#6](-[#6](-[#6](-[#6](-[#6](-[#6](-[#6](=[#8])-[#8]-[#6](-[H])(-[H])-[H])(-[H])-[H])(-[H])-[H])(-[H])-[H])(-[H])-[H])(-[H])-[H])(-[H])-[H])(-[H])-[H])-[H])-[H])(-[H])-[H])-[H])-[H])(-[H])-[H])-[H])-[H])(-[H])-[H])(-[H])(-[H])-[H],,
3,NIPU,[#7](-[#6](-[#6]1:[#6](:[#6](:[#6](:[#6](-[#6](-[#7](-[H])-[H])(-[H])-[H]):[#6]:1-[H])-[H])-[H])-[H])(-[H])-[H])(-[H])-[H],[#6](-[#6](-[#6]1(-[#8]-[#6](=[#8])-[#8]-[#6]-1(-[#6](-[#6]1(-[#8]-[#6](=[#8])-[#8]-[#6]-1(-[#6](-[#6]1(-[#8]-[#6](=[#8])-[#8]-[#6]-1(-[#6](-[#6](-[#6](-[#6](-[#6](-[#6](-[#6](-[#6](=[#8])-[#8]-[#6](-[#6](-[#6](-[#6](-[#8]-[#6](-[#6](-[#6](-[#6](-[#8]-[#6](=[#8])-[#6](-[#6](-[#6](-[#6](-[#6](-[#6](-[#6](-[#6]1(-[#8]-[#6](=[#8])-[#8]-[#6]-1(-[#6](-[#6]1(-[#8]-[#6](=[#8])-[#8]-[#6]-1(-[#6](-[#6]1(-[#8]-[#6](=[#8])-[#8]-[#6]-1(-[#6](-[#6](-[H])(-[H])-[H])(-[H])-[H])-[H])-[H])(-[H])-[H])-[H])-[H])(-[H])-[H])-[H])-[H])(-[H])-[H])(-[H])-[H])(-[H])-[H])(-[H])-[H])(-[H])-[H])(-[H])-[H])(-[H])-[H])(-[H])-[H])(-[H])-[H])(-[H])-[H])(-[H])-[H])(-[H])-[H])(-[H])-[H])(-[H])-[H])(-[H])-[H])(-[H])-[H])(-[H])-[H])(-[H])-[H])(-[H])-[H])(-[H])-[H])(-[H])-[H])(-[H])-[H])-[H])-[H])(-[H])-[H])-[H])-[H])(-[H])-[H])-[H])-[H])(-[H])-[H])(-[H])(-[H])-[H],,
4,NIPU,[#7](-[#6](-[#6](-[#6](-[#6](-[#7](-[H])-[H])(-[H])-[H])(-[H])-[H])(-[H])-[H])(-[H])-[H])(-[H])-[H],[#6](-[#6](-[#6](-[#6](-[#6](-[#6](-[#6](-[#6]1(-[#6](-[#6](-[#6](-[#6](-[#6](-[#6](-[H])(-[H])-[H])(-[H])-[H])(-[H])-[H])(-[H])-[H])(-[H])-[H])(-[#6](-[#6](-[#6](-[#6](-[#6](-[#6](-[#6](-[#6](-[#6](-[#6](-[#6](-[#6](=[#8])-[#8]-[#6](-[#6]2(-[#6](-[#8]-[#6](=[#8])-[#8]-2)(-[H])-[H])-[H])(-[H])-[H])(-[H])-[H])(-[H])-[H])(-[H])-[H])(-[H])-[H])(-[H])-[H])(-[H])-[H])(-[H])-[H])(-[H])-[H])(-[#6]-1(-[#6](-[#6](-[#6](-[#6](-[#6](-[#6](-[#6](-[#6](-[#6](=[#8])-[#8]-[#6](-[#6]1(-[#6](-[#8]-[#6](=[#8])-[#8]-1)(-[H])-[H])-[H])(-[H])-[H])(-[H])-[H])(-[H])-[H])(-[H])-[H])(-[H])-[H])(-[H])-[H])(-[H])-[H])(-[H])-[H])(-[H])-[H])-[H])-[H])(-[H])-[H])(-[H])-[H])-[H])-[H])(-[H])-[H])(-[H])-[H])(-[H])-[H])(-[H])-[H])(-[H])-[H])(-[H])-[H])(-[H])(-[H])-[H],,
5,NIPU,[#7](-[#6](-[#6](-[#6](-[#8]-[#6](-[#6](-[#8]-[#6](-[#6](-[#6](-[#7](-[H])-[H])(-[H])-[H])(-[H])-[H])(-[H])-[H])(-[H])-[H])(-[H])-[H])(-[H])-[H])(-[H])-[H])(-[H])-[H])(-[H])-[H],[#6](-[#6](-[#6](-[#6](-[#6](-[#6](-[#6](-[#6](-[#6]1(-[#8]-[#6](=[#8])-[#8]-[#6]-1(-[#6](-[#6](-[#6](-[#6](-[#6](-[#6](-[#6](-[#6](=[#8])-[#8]-[#6](-[#6](-[#6](-[#8]-[#6](=[#8])-[#6](-[#6](-[#6](-[#6](-[#6](-[#6](-[#6](-[#6]1(-[#8]-[#6](=[#8])-[#8]-[#6]-1(-[#6](-[#6]1(-[#8]-[#6](=[#8])-[#8]-[#6]-1(-[#6](-[#6]1(-[#8]-[#6](=[#8])-[#8]-[#6]-1(-[#6](-[#6](-[H])(-[H])-[H])(-[H])-[H])-[H])-[H])(-[H])-[H])-[H])-[H])(-[H])-[H])-[H])-[H])(-[H])-[H])(-[H])-[H])(-[H])-[H])(-[H])-[H])(-[H])-[H])(-[H])-[H])(-[H])-[H])(-[H])-[H])(-[#6](-[#8]-[#6](=[#8])-[#6](-[#6](-[#6](-[#6](-[#6](-[#6](-[#6](-[#6]1(-[#8]-[#6](=[#8])-[#8]-[#6]-1(-[#6](-[#6]1(-[#8]-[#6](=[#8])-[#8]-[#6]-1(-[#6](-[#6]1(-[#8]-[#6](=[#8])-[#8]-[#6]-1(-[#6](-[#6](-[H])(-[H])-[H])(-[H])-[H])-[H])-[H])(-[H])-[H])-[H])-[H])(-[H])-[H])-[H])-[H])(-[H])-[H])(-[H])-[H])(-[H])-[H])(-[H])-[H])(-[H])-[H])(-[H])-[H])(-[H])-[H])(-[H])-[H])-[H])(-[H])-[H])(-[H])-[H])(-[H])-[H])(-[H])-[H])(-[H])-[H])(-[H])-[H])(-[H])-[H])(-[H])-[H])-[H])-[H])(-[H])-[H])(-[H])-[H])(-[H])-[H])(-[H])-[H])(-[H])-[H])(-[H])-[H])(-[H])-[H])(-[H])(-[H])-[H],,
6,NIPU,[#7](-[#6](-[#6](-[#8]-[#6](-[#6](-[#8]-[#6](-[#6](-[#7](-[H])-[H])(-[H])-[H])(-[H])-[H])(-[H])-[H])(-[H])-[H])(-[H])-[H])(-[H])-[H])(-[H])-[H],[#6](-[#6](-[#6](-[#6](-[#6](-[#6](-[#6](-[#6](-[#6]1(-[#8]-[#6](=[#8])-[#8]-[#6]-1(-[#6](-[#6](-[#6](-[#6](-[#6](-[#6](-[#6](-[#6](=[#8])-[#8]-[#6](-[#6](-[#6](-[#8]-[#6](=[#8])-[#6](-[#6](-[#6](-[#6](-[#6](-[#6](-[#6](-[#6]1(-[#8]-[#6](=[#8])-[#8]-[#6]-1(-[#6](-[#6]1(-[#8]-[#6](=[#8])-[#8]-[#6]-1(-[#6](-[#6]1(-[#8]-[#6](=[#8])-[#8]-[#6]-1(-[#6](-[#6](-[H])(-[H])-[H])(-[H])-[H])-[H])-[H])(-[H])-[H])-[H])-[H])(-[H])-[H])-[H])-[H])(-[H])-[H])(-[H])-[H])(-[H])-[H])(-[H])-[H])(-[H])-[H])(-[H])-[H])(-[H])-[H])(-[H])-[H])(-[#6](-[#8]-[#6](=[#8])-[#6](-[#6](-[#6](-[#6](-[#6](-[#6](-[#6](-[#6]1(-[#8]-[#6](=[#8])-[#8]-[#6]-1(-[#6](-[#6]1(-[#8]-[#6](=[#8])-[#8]-[#6]-1(-[#6](-[#6]1(-[#8]-[#6](=[#8])-[#8]-[#6]-1(-[#6](-[#6](-[H])(-[H])-[H])(-[H])-[H])-[H])-[H])(-[H])-[H])-[H])-[H])(-[H])-[H])-[H])-[H])(-[H])-[H])(-[H])-[H])(-[H])-[H])(-[H])-[H])(-[H])-[H])(-[H])-[H])(-[H])-[H])(-[H])-[H])-[H])(-[H])-[H])(-[H])-[H])(-[H])-[H])(-[H])-[H])(-[H])-[H])(-[H])-[H])(-[H])-[H])(-[H])-[H])-[H])-[H])(-[H])-[H])(-[H])-[H])(-[H])-[H])(-[H])-[H])(-[H])-[H])(-[H])-[H])(-[H])-[H])(-[H])(-[H])-[H],,
7,NIPU,[#6](-[#6](-[#6](-[#6](-[#6](-[#6](-[#6](-[#6]1(-[#6](-[#6](-[#6](-[#6](-[#6](-[#6](-[H])(-[H])-[H])(-[H])-[H])(-[H])-[H])(-[H])-[H])(-[H])-[H])(-[#6](-[#6](-[#6](-[#6](-[#6](-[#6](-[#6](-[#6](-[#6](-[#6](-[#6](-[#6](=[#8])-[#7](-[#6](-[#6]2:[#6](:[#6](:[#6](:[#6](-[#6](-[#7](-[H])-[H])(-[H])-[H]):[#6]:2-[H])-[H])-[H])-[H])(-[H])-[H])-[H])(-[H])-[H])(-[H])-[H])(-[H])-[H])(-[H])-[H])(-[H])-[H])(-[H])-[H])(-[H])-[H])(-[H])-[H])(-[#6]-1(-[#6](-[#6](-[#6](-[#6](-[#6](-[#6](-[#6](-[#6](-[#6](=[#8])-[#7](-[#6](-[#6]1:[#6](:[#6](:[#6](:[#6](-[#6](-[#7](-[H])-[H])(-[H])-[H]):[#6]:1-[H])-[H])-[H])-[H])(-[H])-[H])-[H])(-[H])-[H])(-[H])-[H])(-[H])-[H])(-[H])-[H])(-[H])-[H])(-[H])-[H])(-[H])-[H])(-[H])-[H])-[H])-[H])(-[H])-[H])(-[H])-[H])-[H])-[H])(-[H])-[H])(-[H])-[H])(-[H])-[H])(-[H])-[H])(-[H])-[H])(-[H])-[H])(-[H])(-[H])-[H],[#6](-[#6](-[#6]1(-[#8]-[#6](=[#8])-[#8]-[#6]-1(-[#6](-[#6]1(-[#8]-[#6](=[#8])-[#8]-[#6]-1(-[#6](-[#6]1(-[#8]-[#6](=[#8])-[#8]-[#6]-1(-[#6](-[#6](-[#6](-[#6](-[#6](-[#6](-[#6](-[#6](=[#8])-[#8]-[#6](-[H])(-[H])-[H])(-[H])-[H])(-[H])-[H])(-[H])-[H])(-[H])-[H])(-[H])-[H])(-[H])-[H])(-[H])-[H])-[H])-[H])(-[H])-[H])-[H])-[H])(-[H])-[H])-[H])-[H])(-[H])-[H])(-[H])(-[H])-[H],,
8,NIPU,[#7](-[#6](-[#6](-[#6](-[#7](-[#6](-[#6](-[#6](-[#7](-[H])-[H])(-[H])-[H])(-[H])-[H])(-[H])-[H])-[H])(-[H])-[H])(-[H])-[H])(-[H])-[H])(-[H])-[H],[#6](-[#6](-[#6]1(-[#8]-[#6](=[#8])-[#8]-[#6]-1(-[#6](-[#6]1(-[#8]-[#6](=[#8])-[#8]-[#6]-1(-[#6](-[#6]1(-[#8]-[#6](=[#8])-[#8]-[#6]-1(-[#6](-[#6](-[#6](-[#6](-[#6](-[#6](-[#6](-[#6](=[#8])-[#8]-[#6](-[#6](-[#8]-[#6](-[#6](-[#8]-[#6](-[#6](-[#8]-[#6](-[#6](-[#8]-[#6](-[#6](-[#8]-[#6](-[#6](-[#8]-[#6](-[#6](-[#8]-[#6](-[#6](-[#8]-[#6](-[#6](-[#8]-[#6](-[#6](-[#8]-[#6](-[#6](-[#8]-[#6](-[#6](-[#8]-[#6](-[#6](-[#8]-[#6](-[#6](-[#8]-[#6](-[#6](-[#8]-[#6](-[#6](-[#8]-[#6](-[#6](-[#8]-[#6](-[#6](-[#8]-[#6](-[#6](-[#8]-[#6](-[#6](-[#8]-[#6](-[#6](-[#8]-[#6](-[#6](-[#8]-[#6](-[#6](-[#8]-[#6](-[#6](-[#8]-[#6](-[#6](-[#8]-[#6](-[#6](-[#8]-[#6](-[#6](-[#8]-[#6](-[#6](-[#8]-[#6](-[#6](-[#8]-[#6](-[#6](-[#8]-[#6](-[#6](-[#8]-[#6](-[#6](-[#8]-[#6](=[#8])-[#6](-[#6](-[#6](-[#6](-[#6](-[#6](-[#6](-[#6]1(-[#8]-[#6](=[#8])-[#8]-[#6]-1(-[#6](-[#6]1(-[#8]-[#6](=[#8])-[#8]-[#6]-1(-[#6](-[#6]1(-[#8]-[#6](=[#8])-[#8]-[#6]-1(-[#6](-[#6](-[H])(-[H])-[H])(-[H])-[H])-[H])-[H])(-[H])-[H])-[H])-[H])(-[H])-[H])-[H])-[H])(-[H])-[H])(-[H])-[H])(-[H])-[H])(-[H])-[H])(-[H])-[H])(-[H])-[H])(-[H])-[H])(-[H])-[H])(-[H])-[H])(-[H])-[H])(-[H])-[H])(-[H])-[H])(-[H])-[H])(-[H])-[H])(-[H])-[H])(-[H])-[H])(-[H])-[H])(-[H])-[H])(-[H])-[H])(-[H])-[H])(-[H])-[H])(-[H])-[H])(-[H])-[H])(-[H])-[H])(-[H])-[H])(-[H])-[H])(-[H])-[H])(-[H])-[H])(-[H])-[H])(-[H])-[H])(-[H])-[H])(-[H])-[H])(-[H])-[H])(-[H])-[H])(-[H])-[H])(-[H])-[H])(-[H])-[H])(-[H])-[H])(-[H])-[H])(-[H])-[H])(-[H])-[H])(-[H])-[H])(-[H])-[H])(-[H])-[H])(-[H])-[H])(-[H])-[H])(-[H])-[H])(-[H])-[H])(-[H])-[H])(-[H])-[H])(-[H])-[H])(-[H])-[H])(-[H])-[H])(-[H])-[H])(-[H])-[H])(-[H])-[H])(-[H])-[H])(-[H])-[H])(-[H])-[H])(-[H])-[H])(-[H])-[H])(-[H])-[H])(-[H])-[H])(-[H])-[H])(-[H])-[H])(-[H])-[H])(-[H])-[H])(-[H])-[H])(-[H])-[H])(-[H])-[H])(-[H])-[H])(-[H])-[H])(-[H])-[H])(-[H])-[H])(-[H])-[H])(-[H])-[H])(-[H])-[H])(-[H])-[H])-[H])-[H])(-[H])-[H])-[H])-[H])(-[H])-[H])-[H])-[H])(-[H])-[H])(-[H])(-[H])-[H],,
9,NIPU,[#7](-[#6](-[#6](-[#6](-[#7](-[#6](-[#6](-[#6](-[#7](-[H])-[H])(-[H])-[H])(-[H])-[H])(-[H])-[H])-[H])(-[H])-[H])(-[H])-[H])(-[H])-[H])(-[H])-[H],[#6](-[#6](-[#6](-[#6](-[#6](-[#6](-[#6](-[#6]1(-[#6](-[#6](-[#6](-[#6](-[#6](-[#6](-[H])(-[H])-[H])(-[H])-[H])(-[H])-[H])(-[H])-[H])(-[H])-[H])(-[#6](-[#6](-[#6](-[#6](-[#6](-[#6](-[#6](-[#6](-[#6](-[#6](-[#6](-[#6](=[#8])-[#8]-[#6](-[#6]2(-[#6](-[#8]-[#6](=[#8])-[#8]-2)(-[H])-[H])-[H])(-[H])-[H])(-[H])-[H])(-[H])-[H])(-[H])-[H])(-[H])-[H])(-[H])-[H])(-[H])-[H])(-[H])-[H])(-[H])-[H])(-[#6]-1(-[#6](-[#6](-[#6](-[#6](-[#6](-[#6](-[#6](-[#6](-[#6](=[#8])-[#8]-[#6](-[#6]1(-[#6](-[#8]-[#6](=[#8])-[#8]-1)(-[H])-[H])-[H])(-[H])-[H])(-[H])-[H])(-[H])-[H])(-[H])-[H])(-[H])-[H])(-[H])-[H])(-[H])-[H])(-[H])-[H])(-[H])-[H])-[H])-[H])(-[H])-[H])(-[H])-[H])-[H])-[H])(-[H])-[H])(-[H])-[H])(-[H])-[H])(-[H])-[H])(-[H])-[H])(-[H])-[H])(-[H])(-[H])-[H],,
10,NIPU,[#6](-[#6](-[#6](-[#6](-[#6](-[#6](-[#7](-[#6](=[#8])-[#6](-[#8]-[H])(-[#6](-[#6](=[#8])-[#7](-[#6](-[#6](-[#6](-[#6](-[#6](-[#6](-[#7](-[H])-[H])(-[H])-[H])(-[H])-[H])(-[H])-[H])(-[H])-[H])(-[H])-[H])(-[H])-[H])-[H])(-[H])-[H])-[#6](-[#6](=[#8])-[#7](-[#6](-[#6](-[#6](-[#6](-[#6](-[#6](-[#7](-[H])-[H])(-[H])-[H])(-[H])-[H])(-[H])-[H])(-[H])-[H])(-[H])-[H])(-[H])-[H])-[H])(-[H])-[H])-[H])(-[H])-[H])(-[H])-[H])(-[H])-[H])(-[H])-[H])(-[H])-[H])(-[H])(-[H])-[H],[#8]=[#6]1-[#8]-[#6](-[#6](-[#6](-[#8]-[#6](-[#6](-[#6](-[#6](-[#6](-[#6](-[#8]-[#6](-[#6]2(-[#6](-[#8]-[#6](=[#8])-[#8]-2)(-[H])-[H])-[H])(-[H])-[H])(-[H])-[H])(-[H])-[H])(-[H])-[H])(-[H])-[H])(-[H])-[H])(-[H])-[H])(-[H])-[H])(-[#8]-1)-[H])(-[H])-[H],,
11,NIPU,[#7](-[#6](-[#6](-[#6](-[#6](-[#7](-[H])-[H])(-[H])-[H])(-[H])-[H])(-[H])-[H])(-[H])-[H])(-[H])-[H],[#6](-[#6](-[#6](-[#6](-[#6](-[#6](-[#6](-[#6](-[#6]1(-[#8]-[#6](=[#8])-[#8]-[#6]-1(-[#6](-[#6](-[#6](-[#6](-[#6](-[#6](-[#6](-[#6](=[#8])-[#8]-[#6](-[#6](-[#6](-[#8]-[#6](=[#8])-[#6](-[#6](-[#6](-[#6](-[#6](-[#6](-[#6](-[#6]1(-[#8]-[#6](=[#8])-[#8]-[#6]-1(-[#6](-[#6]1(-[#8]-[#6](=[#8])-[#8]-[#6]-1(-[#6](-[#6]1(-[#8]-[#6](=[#8])-[#8]-[#6]-1(-[#6](-[#6](-[H])(-[H])-[H])(-[H])-[H])-[H])-[H])(-[H])-[H])-[H])-[H])(-[H])-[H])-[H])-[H])(-[H])-[H])(-[H])-[H])(-[H])-[H])(-[H])-[H])(-[H])-[H])(-[H])-[H])(-[H])-[H])(-[H])-[H])(-[#6](-[#8]-[#6](=[#8])-[#6](-[#6](-[#6](-[#6](-[#6](-[#6](-[#6](-[#6]1(-[#8]-[#6](=[#8])-[#8]-[#6]-1(-[#6](-[#6]1(-[#8]-[#6](=[#8])-[#8]-[#6]-1(-[#6](-[#6]1(-[#8]-[#6](=[#8])-[#8]-[#6]-1(-[#6](-[#6](-[H])(-[H])-[H])(-[H])-[H])-[H])-[H])(-[H])-[H])-[H])-[H])(-[H])-[H])-[H])-[H])(-[H])-[H])(-[H])-[H])(-[H])-[H])(-[H])-[H])(-[H])-[H])(-[H])-[H])(-[H])-[H])(-[H])-[H])-[H])(-[H])-[H])(-[H])-[H])(-[H])-[H])(-[H])-[H])(-[H])-[H])(-[H])-[H])(-[H])-[H])(-[H])-[H])-[H])-[H])(-[H])-[H])(-[H])-[H])(-[H])-[H])(-[H])-[H])(-[H])-[H])(-[H])-[H])(-[H])-[H])(-[H])(-[H])-[H],,
12,NIPU,[#7](-[#6](-[#6]1:[#6](:[#6](:[#6](:[#6](-[#6](-[#7](-[H])-[H])(-[H])-[H]):[#6]:1-[H])-[H])-[H])-[H])(-[H])-[H])(-[H])-[H],[#6](-[#6](-[#6](-[#6](-[#6](-[#6](-[#6](-[#6](-[#6]1(-[#8]-[#6](=[#8])-[#8]-[#6]-1(-[#6](-[#6](-[#6](-[#6](-[#6](-[#6](-[#6](-[#6](=[#8])-[#8]-[#6](-[#6](-[#6](-[#8]-[#6](=[#8])-[#6](-[#6](-[#6](-[#6](-[#6](-[#6](-[#6](-[#6]1(-[#8]-[#6](=[#8])-[#8]-[#6]-1(-[#6](-[#6]1(-[#8]-[#6](=[#8])-[#8]-[#6]-1(-[#6](-[#6]1(-[#8]-[#6](=[#8])-[#8]-[#6]-1(-[#6](-[#6](-[H])(-[H])-[H])(-[H])-[H])-[H])-[H])(-[H])-[H])-[H])-[H])(-[H])-[H])-[H])-[H])(-[H])-[H])(-[H])-[H])(-[H])-[H])(-[H])-[H])(-[H])-[H])(-[H])-[H])(-[H])-[H])(-[H])-[H])(-[#6](-[#8]-[#6](=[#8])-[#6](-[#6](-[#6](-[#6](-[#6](-[#6](-[#6](-[#6]1(-[#8]-[#6](=[#8])-[#8]-[#6]-1(-[#6](-[#6]1(-[#8]-[#6](=[#8])-[#8]-[#6]-1(-[#6](-[#6]1(-[#8]-[#6](=[#8])-[#8]-[#6]-1(-[#6](-[#6](-[H])(-[H])-[H])(-[H])-[H])-[H])-[H])(-[H])-[H])-[H])-[H])(-[H])-[H])-[H])-[H])(-[H])-[H])(-[H])-[H])(-[H])-[H])(-[H])-[H])(-[H])-[H])(-[H])-[H])(-[H])-[H])(-[H])-[H])-[H])(-[H])-[H])(-[H])-[H])(-[H])-[H])(-[H])-[H])(-[H])-[H])(-[H])-[H])(-[H])-[H])(-[H])-[H])-[H])-[H])(-[H])-[H])(-[H])-[H])(-[H])-[H])(-[H])-[H])(-[H])-[H])(-[H])-[H])(-[H])-[H])(-[H])(-[H])-[H],,
13,NIPU,[#7](-[#6](-[#6]1:[#6](:[#6](:[#6](:[#6](-[#6](-[#7](-[H])-[H])(-[H])-[H]):[#6]:1-[H])-[H])-[H])-[H])(-[H])-[H])(-[H])-[H],[#6](-[#6](-[#6]1(-[#8]-[#6](=[#8])-[#8]-[#6]-1(-[#6](-[#6]1(-[#8]-[#6](=[#8])-[#8]-[#6]-1(-[#6](-[#6]1(-[#8]-[#6](=[#8])-[#8]-[#6]-1(-[#6](-[#6](-[#6](-[#6](-[#6](-[#6](-[#6](-[#6](=[#8])-[#8]-[#6](-[#6](-[#6](-[#6](-[#8]-[#6](-[#6](-[#6](-[#6](-[#8]-[#6](-[#6](-[#6](-[#6](-[#8]-[#6](-[#6](-[#6](-[#6](-[#8]-[#6](-[#6](-[#6](-[#6](-[#8]-[#6](-[#6](-[#6](-[#6](-[#8]-[#6](-[#6](-[#6](-[#6](-[#8]-[#6](-[#6](-[#6](-[#6](-[#8]-[#6](-[#6](-[#6](-[#6](-[#8]-[#6](-[#6](-[#6](-[#6](-[#8]-[#6](-[#6](-[#6](-[#6](-[#8]-[#6](-[#6](-[#6](-[#6](-[#8]-[#6](=[#8])-[#6](-[#6](-[#6](-[#6](-[#6](-[#6](-[#6](-[#6]1(-[#8]-[#6](=[#8])-[#8]-[#6]-1(-[#6](-[#6]1(-[#8]-[#6](=[#8])-[#8]-[#6]-1(-[#6](-[#6]1(-[#8]-[#6](=[#8])-[#8]-[#6]-1(-[#6](-[#6](-[H])(-[H])-[H])(-[H])-[H])-[H])-[H])(-[H])-[H])-[H])-[H])(-[H])-[H])-[H])-[H])(-[H])-[H])(-[H])-[H])(-[H])-[H])(-[H])-[H])(-[H])-[H])(-[H])-[H])(-[H])-[H])(-[H])-[H])(-[H])-[H])(-[H])-[H])(-[H])-[H])(-[H])-[H])(-[H])-[H])(-[H])-[H])(-[H])-[H])(-[H])-[H])(-[H])-[H])(-[H])-[H])(-[H])-[H])(-[H])-[H])(-[H])-[H])(-[H])-[H])(-[H])-[H])(-[H])-[H])(-[H])-[H])(-[H])-[H])(-[H])-[H])(-[H])-[H])(-[H])-[H])(-[H])-[H])(-[H])-[H])(-[H])-[H])(-[H])-[H])(-[H])-[H])(-[H])-[H])(-[H])-[H])(-[H])-[H])(-[H])-[H])(-[H])-[H])(-[H])-[H])(-[H])-[H])(-[H])-[H])(-[H])-[H])(-[H])-[H])(-[H])-[H])(-[H])-[H])(-[H])-[H])(-[H])-[H])(-[H])-[H])(-[H])-[H])(-[H])-[H])(-[H])-[H])(-[H])-[H])(-[H])-[H])(-[H])-[H])(-[H])-[H])(-[H])-[H])(-[H])-[H])(-[H])-[H])(-[H])-[H])(-[H])-[H])(-[H])-[H])-[H])-[H])(-[H])-[H])-[H])-[H])(-[H])-[H])-[H])-[H])(-[H])-[H])(-[H])(-[H])-[H],,
14,NIPU,[#6](-[#6](-[#6](-[#6](-[#6](-[#6](-[#6](-[#6]1(-[#6](-[#6](-[#6](-[#6](-[#6](-[#6](-[H])(-[H])-[H])(-[H])-[H])(-[H])-[H])(-[H])-[H])(-[H])-[H])(-[#6](-[#6](-[#6](-[#6](-[#6](-[#6](-[#6](-[#6](-[#6](-[#6](-[#6](-[#6](=[#8])-[#7](-[#6](-[#6](-[#6](-[#6](-[#7](-[#6](=[#8])-[#6](-[#6](-[#6](-[#6](-[#6](-[#6](-[#6](-[#6](-[#6]2(-[#6](-[#6](-[#6](-[#6](-[#6](-[#6](-[#6](-[#6](-[H])(-[H])-[H])(-[H])-[H])(-[H])-[H])(-[H])-[H])(-[H])-[H])(-[#6](-[#6](-[#6](-[#6](-[#6](-[#6](-[#6](-[#6](-[H])(-[H])-[H])(-[H])-[H])(-[H])-[H])(-[H])-[H])(-[H])-[H])(-[H])-[H])(-[H])-[H])(-[#6]-2(-[#6](-[#6](-[#6](-[#6](-[#6](-[#6](-[#6](-[#6](-[#6](=[#8])-[#7](-[#6](-[#6](-[#6](-[#6](-[#7](-[#6](=[#8])-[#6](-[#6](-[#6](-[#6](-[#6](-[#6](-[#6](-[#6](-[#6]2(-[#6](-[#6](-[#6](-[#6](-[#6](-[#6](-[#6](-[#6](-[#6](-[#6](=[#8])-[#7](-[#6](-[#6](-[#6](-[#6](-[#7](-[H])-[H])(-[H])-[H])(-[H])-[H])(-[H])-[H])(-[H])-[H])-[H])(-[H])-[H])(-[H])-[H])(-[H])-[H])(-[H])-[H])(-[H])-[H])(-[H])-[H])(-[H])-[H])(-[H])-[H])(-[#6](-[#6](-[#6](-[#6](-[#6](-[#6](-[#6](-[#6](-[H])(-[H])-[H])(-[H])-[H])(-[H])-[H])(-[H])-[H])(-[H])-[H])(-[#6]-2(-[#6](-[#6](-[#6](-[#6](-[#6](-[#6](-[#6](-[H])(-[H])-[H])(-[H])-[H])(-[H])-[H])(-[H])-[H])(-[H])-[H])(-[H])-[H])(-[H])-[H])-[H])-[H])(-[H])-[H])(-[H])-[H])-[H])-[H])(-[H])-[H])(-[H])-[H])(-[H])-[H])(-[H])-[H])(-[H])-[H])(-[H])-[H])(-[H])-[H])(-[H])-[H])-[H])(-[H])-[H])(-[H])-[H])(-[H])-[H])(-[H])-[H])-[H])(-[H])-[H])(-[H])-[H])(-[H])-[H])(-[H])-[H])(-[H])-[H])(-[H])-[H])(-[H])-[H])(-[H])-[H])-[H])-[H])-[H])(-[H])-[H])(-[H])-[H])-[H])(-[H])-[H])(-[H])-[H])(-[H])-[H])(-[H])-[H])(-[H])-[H])(-[H])-[H])(-[H])-[H])(-[H])-[H])-[H])(-[H])-[H])(-[H])-[H])(-[H])-[H])(-[H])-[H])-[H])(-[H])-[H])(-[H])-[H])(-[H])-[H])(-[H])-[H])(-[H])-[H])(-[H])-[H])(-[H])-[H])(-[H])-[H])(-[#6]-1(-[#6](-[#6](-[#6](-[#6](-[#6](-[#6](-[#6](-[#6](-[#6](=[#8])-[#7](-[#6](-[#6](-[#6](-[#6](-[#7](-[H])-[H])(-[H])-[H])(-[H])-[H])(-[H])-[H])(-[H])-[H])-[H])(-[H])-[H])(-[H])-[H])(-[H])-[H])(-[H])-[H])(-[H])-[H])(-[H])-[H])(-[H])-[H])(-[H])-[H])-[H])-[H])(-[H])-[H])(-[H])-[H])-[H])-[H])(-[H])-[H])(-[H])-[H])(-[H])-[H])(-[H])-[H])(-[H])-[H])(-[H])-[H])(-[H])(-[H])-[H],[#8]=[#6]1-[#8]-[#6](-[#6](-[#6](-[#8]-[#6](-[#6](-[#6](-[#6](-[#6](-[#6](-[#8]-[#6](-[#6]2(-[#6](-[#8]-[#6](=[#8])-[#8]-2)(-[H])-[H])-[H])(-[H])-[H])(-[H])-[H])(-[H])-[H])(-[H])-[H])(-[H])-[H])(-[H])-[H])(-[H])-[H])(-[H])-[H])(-[#8]-1)-[H])(-[H])-[H],,
15,NIPU,[#7](-[#6](-[#6](-[#6](-[#7](-[#6](-[#6](-[#6](-[#7](-[H])-[H])(-[H])-[H])(-[H])-[H])(-[H])-[H])-[H])(-[H])-[H])(-[H])-[H])(-[H])-[H])(-[H])-[H],[#6](-[#6](-[#6](-[#6](-[#6](-[#6](-[#6](-[#6](-[#6]1(-[#8]-[#6](=[#8])-[#8]-[#6]-1(-[#6](-[#6](-[#6](-[#6](-[#6](-[#6](-[#6](-[#6](=[#8])-[#8]-[#6](-[#6](-[#6](-[#8]-[#6](=[#8])-[#6](-[#6](-[#6](-[#6](-[#6](-[#6](-[#6](-[#6]1(-[#8]-[#6](=[#8])-[#8]-[#6]-1(-[#6](-[#6]1(-[#8]-[#6](=[#8])-[#8]-[#6]-1(-[#6](-[#6]1(-[#8]-[#6](=[#8])-[#8]-[#6]-1(-[#6](-[#6](-[H])(-[H])-[H])(-[H])-[H])-[H])-[H])(-[H])-[H])-[H])-[H])(-[H])-[H])-[H])-[H])(-[H])-[H])(-[H])-[H])(-[H])-[H])(-[H])-[H])(-[H])-[H])(-[H])-[H])(-[H])-[H])(-[H])-[H])(-[#6](-[#8]-[#6](=[#8])-[#6](-[#6](-[#6](-[#6](-[#6](-[#6](-[#6](-[#6]1(-[#8]-[#6](=[#8])-[#8]-[#6]-1(-[#6](-[#6]1(-[#8]-[#6](=[#8])-[#8]-[#6]-1(-[#6](-[#6]1(-[#8]-[#6](=[#8])-[#8]-[#6]-1(-[#6](-[#6](-[H])(-[H])-[H])(-[H])-[H])-[H])-[H])(-[H])-[H])-[H])-[H])(-[H])-[H])-[H])-[H])(-[H])-[H])(-[H])-[H])(-[H])-[H])(-[H])-[H])(-[H])-[H])(-[H])-[H])(-[H])-[H])(-[H])-[H])-[H])(-[H])-[H])(-[H])-[H])(-[H])-[H])(-[H])-[H])(-[H])-[H])(-[H])-[H])(-[H])-[H])(-[H])-[H])-[H])-[H])(-[H])-[H])(-[H])-[H])(-[H])-[H])(-[H])-[H])(-[H])-[H])(-[H])-[H])(-[H])-[H])(-[H])(-[H])-[H],,
16,NIPU,[#7](-[#6](-[#6](-[#8]-[#6](-[#6](-[#8]-[#6](-[#6](-[#7](-[H])-[H])(-[H])-[H])(-[H])-[H])(-[H])-[H])(-[H])-[H])(-[H])-[H])(-[H])-[H])(-[H])-[H],[#6](-[#6](-[#6](-[#6](-[#6](-[#6](-[#6](-[#6]1(-[#6](-[#6](-[#6](-[#6](-[#6](-[#6](-[H])(-[H])-[H])(-[H])-[H])(-[H])-[H])(-[H])-[H])(-[H])-[H])(-[#6](-[#6](-[#6](-[#6](-[#6](-[#6](-[#6](-[#6](-[#6](-[#6](-[#6](-[#6](=[#8])-[#8]-[#6](-[#6]2(-[#6](-[#8]-[#6](=[#8])-[#8]-2)(-[H])-[H])-[H])(-[H])-[H])(-[H])-[H])(-[H])-[H])(-[H])-[H])(-[H])-[H])(-[H])-[H])(-[H])-[H])(-[H])-[H])(-[H])-[H])(-[#6]-1(-[#6](-[#6](-[#6](-[#6](-[#6](-[#6](-[#6](-[#6](-[#6](=[#8])-[#8]-[#6](-[#6]1(-[#6](-[#8]-[#6](=[#8])-[#8]-1)(-[H])-[H])-[H])(-[H])-[H])(-[H])-[H])(-[H])-[H])(-[H])-[H])(-[H])-[H])(-[H])-[H])(-[H])-[H])(-[H])-[H])(-[H])-[H])-[H])-[H])(-[H])-[H])(-[H])-[H])-[H])-[H])(-[H])-[H])(-[H])-[H])(-[H])-[H])(-[H])-[H])(-[H])-[H])(-[H])-[H])(-[H])(-[H])-[H],,
17,NIPU,[#7](-[#6]1(-[#6](-[#6](-[#6](-[#6](-[#6](-[#6]2(-[#6](-[#6](-[#6](-[#6](-[#7](-[H])-[H])(-[#6]-2(-[H])-[H])-[H])(-[H])-[H])(-[H])-[H])(-[H])-[H])-[H])(-[H])-[H])(-[#6]-1(-[H])-[H])-[H])(-[H])-[H])(-[H])-[H])(-[H])-[H])-[H])(-[H])-[H],[#6](-[#6](-[#6]1(-[#8]-[#6](=[#8])-[#8]-[#6]-1(-[#6](-[#6]1(-[#8]-[#6](=[#8])-[#8]-[#6]-1(-[#6](-[#6]1(-[#8]-[#6](=[#8])-[#8]-[#6]-1(-[#6](-[#6](-[#6](-[#6](-[#6](-[#6](-[#6](-[#6](=[#8])-[#8]-[#6](-[#6](-[#6](-[#6](-[#8]-[#6](-[#6](-[#6](-[#6](-[#8]-[#6](-[#6](-[#6](-[#6](-[#8]-[#6](-[#6](-[#6](-[#6](-[#8]-[#6](-[#6](-[#6](-[#6](-[#8]-[#6](-[#6](-[#6](-[#6](-[#8]-[#6](-[#6](-[#6](-[#6](-[#8]-[#6](=[#8])-[#6](-[#6](-[#6](-[#6](-[#6](-[#6](-[#6](-[#6]1(-[#8]-[#6](=[#8])-[#8]-[#6]-1(-[#6](-[#6]1(-[#8]-[#6](=[#8])-[#8]-[#6]-1(-[#6](-[#6]1(-[#8]-[#6](=[#8])-[#8]-[#6]-1(-[#6](-[#6](-[H])(-[H])-[H])(-[H])-[H])-[H])-[H])(-[H])-[H])-[H])-[H])(-[H])-[H])-[H])-[H])(-[H])-[H])(-[H])-[H])(-[H])-[H])(-[H])-[H])(-[H])-[H])(-[H])-[H])(-[H])-[H])(-[H])-[H])(-[H])-[H])(-[H])-[H])(-[H])-[H])(-[H])-[H])(-[H])-[H])(-[H])-[H])(-[H])-[H])(-[H])-[H])(-[H])-[H])(-[H])-[H])(-[H])-[H])(-[H])-[H])(-[H])-[H])(-[H])-[H])(-[H])-[H])(-[H])-[H])(-[H])-[H])(-[H])-[H])(-[H])-[H])(-[H])-[H])(-[H])-[H])(-[H])-[H])(-[H])-[H])(-[H])-[H])(-[H])-[H])(-[H])-[H])(-[H])-[H])(-[H])-[H])(-[H])-[H])(-[H])-[H])(-[H])-[H])(-[H])-[H])(-[H])-[H])(-[H])-[H])-[H])-[H])(-[H])-[H])-[H])-[H])(-[H])-[H])-[H])-[H])(-[H])-[H])(-[H])(-[H])-[H],,
18,NIPU,[#7](-[#6]1(-[#6](-[#6](-[#6](-[#6](-[#6](-[#6]2(-[#6](-[#6](-[#6](-[#6](-[#7](-[H])-[H])(-[#6]-2(-[H])-[H])-[H])(-[H])-[H])(-[H])-[H])(-[H])-[H])-[H])(-[H])-[H])(-[#6]-1(-[H])-[H])-[H])(-[H])-[H])(-[H])-[H])(-[H])-[H])-[H])(-[H])-[H],[#6](-[#6](-[#6]1(-[#8]-[#6](=[#8])-[#8]-[#6]-1(-[#6](-[#6]1(-[#8]-[#6](=[#8])-[#8]-[#6]-1(-[#6](-[#6]1(-[#8]-[#6](=[#8])-[#8]-[#6]-1(-[#6](-[#6](-[#6](-[#6](-[#6](-[#6](-[#6](-[#6](=[#8])-[#8]-[#6](-[#6](-[#6](-[#6](-[#8]-[#6](-[#6](-[#6](-[#6](-[#8]-[#6](-[#6](-[#6](-[#6](-[#8]-[#6](-[#6](-[#6](-[#6](-[#8]-[#6](-[#6](-[#6](-[#6](-[#8]-[#6](-[#6](-[#6](-[#6](-[#8]-[#6](-[#6](-[#6](-[#6](-[#8]-[#6](-[#6](-[#6](-[#6](-[#8]-[#6](-[#6](-[#6](-[#6](-[#8]-[#6](-[#6](-[#6](-[#6](-[#8]-[#6](-[#6](-[#6](-[#6](-[#8]-[#6](-[#6](-[#6](-[#6](-[#8]-[#6](=[#8])-[#6](-[#6](-[#6](-[#6](-[#6](-[#6](-[#6](-[#6]1(-[#8]-[#6](=[#8])-[#8]-[#6]-1(-[#6](-[#6]1(-[#8]-[#6](=[#8])-[#8]-[#6]-1(-[#6](-[#6]1(-[#8]-[#6](=[#8])-[#8]-[#6]-1(-[#6](-[#6](-[H])(-[H])-[H])(-[H])-[H])-[H])-[H])(-[H])-[H])-[H])-[H])(-[H])-[H])-[H])-[H])(-[H])-[H])(-[H])-[H])(-[H])-[H])(-[H])-[H])(-[H])-[H])(-[H])-[H])(-[H])-[H])(-[H])-[H])(-[H])-[H])(-[H])-[H])(-[H])-[H])(-[H])-[H])(-[H])-[H])(-[H])-[H])(-[H])-[H])(-[H])-[H])(-[H])-[H])(-[H])-[H])(-[H])-[H])(-[H])-[H])(-[H])-[H])(-[H])-[H])(-[H])-[H])(-[H])-[H])(-[H])-[H])(-[H])-[H])(-[H])-[H])(-[H])-[H])(-[H])-[H])(-[H])-[H])(-[H])-[H])(-[H])-[H])(-[H])-[H])(-[H])-[H])(-[H])-[H])(-[H])-[H])(-[H])-[H])(-[H])-[H])(-[H])-[H])(-[H])-[H])(-[H])-[H])(-[H])-[H])(-[H])-[H])(-[H])-[H])(-[H])-[H])(-[H])-[H])(-[H])-[H])(-[H])-[H])(-[H])-[H])(-[H])-[H])(-[H])-[H])(-[H])-[H])(-[H])-[H])(-[H])-[H])(-[H])-[H])(-[H])-[H])(-[H])-[H])(-[H])-[H])(-[H])-[H])(-[H])-[H])(-[H])-[H])(-[H])-[H])-[H])-[H])(-[H])-[H])-[H])-[H])(-[H])-[H])-[H])-[H])(-[H])-[H])(-[H])(-[H])-[H],,
19,NIPU,[#6](-[#6](-[#6](-[#6](-[#6](-[#6](-[#6](-[#6]1(-[#6](-[#6](-[#6](-[#6](-[#6](-[#6](-[H])(-[H])-[H])(-[H])-[H])(-[H])-[H])(-[H])-[H])(-[H])-[H])(-[#6](-[#6](-[#6](-[#6](-[#6](-[#6](-[#6](-[#6](-[#6](-[#6](-[#6](-[#6](=[#8])-[#7](-[#6](-[#6](-[#6](-[#6](-[#7](-[H])-[H])(-[H])-[H])(-[H])-[H])(-[H])-[H])(-[H])-[H])-[H])(-[H])-[H])(-[H])-[H])(-[H])-[H])(-[H])-[H])(-[H])-[H])(-[H])-[H])(-[H])-[H])(-[H])-[H])(-[#6]-1(-[#6](-[#6](-[#6](-[#6](-[#6](-[#6](-[#6](-[#6](-[#6](=[#8])-[#7](-[#6](-[#6](-[#6](-[#6](-[#7](-[H])-[H])(-[H])-[H])(-[H])-[H])(-[H])-[H])(-[H])-[H])-[H])(-[H])-[H])(-[H])-[H])(-[H])-[H])(-[H])-[H])(-[H])-[H])(-[H])-[H])(-[H])-[H])(-[H])-[H])-[H])-[H])(-[H])-[H])(-[H])-[H])-[H])-[H])(-[H])-[H])(-[H])-[H])(-[H])-[H])(-[H])-[H])(-[H])-[H])(-[H])-[H])(-[H])(-[H])-[H],[#6](-[#6](-[#6](-[#6](-[#6](-[#6](-[#6](-[#6](-[#6]1(-[#8]-[#6](=[#8])-[#8]-[#6]-1(-[#6](-[#6](-[#6](-[#6](-[#6](-[#6](-[#6](-[#6](=[#8])-[#8]-[#6](-[#6](-[#6](-[#8]-[#6](=[#8])-[#6](-[#6](-[#6](-[#6](-[#6](-[#6](-[#6](-[#6]1(-[#8]-[#6](=[#8])-[#8]-[#6]-1(-[#6](-[#6]1(-[#8]-[#6](=[#8])-[#8]-[#6]-1(-[#6](-[#6]1(-[#8]-[#6](=[#8])-[#8]-[#6]-1(-[#6](-[#6](-[H])(-[H])-[H])(-[H])-[H])-[H])-[H])(-[H])-[H])-[H])-[H])(-[H])-[H])-[H])-[H])(-[H])-[H])(-[H])-[H])(-[H])-[H])(-[H])-[H])(-[H])-[H])(-[H])-[H])(-[H])-[H])(-[H])-[H])(-[#6](-[#8]-[#6](=[#8])-[#6](-[#6](-[#6](-[#6](-[#6](-[#6](-[#6](-[#6]1(-[#8]-[#6](=[#8])-[#8]-[#6]-1(-[#6](-[#6]1(-[#8]-[#6](=[#8])-[#8]-[#6]-1(-[#6](-[#6]1(-[#8]-[#6](=[#8])-[#8]-[#6]-1(-[#6](-[#6](-[H])(-[H])-[H])(-[H])-[H])-[H])-[H])(-[H])-[H])-[H])-[H])(-[H])-[H])-[H])-[H])(-[H])-[H])(-[H])-[H])(-[H])-[H])(-[H])-[H])(-[H])-[H])(-[H])-[H])(-[H])-[H])(-[H])-[H])-[H])(-[H])-[H])(-[H])-[H])(-[H])-[H])(-[H])-[H])(-[H])-[H])(-[H])-[H])(-[H])-[H])(-[H])-[H])-[H])-[H])(-[H])-[H])(-[H])-[H])(-[H])-[H])(-[H])-[H])(-[H])-[H])(-[H])-[H])(-[H])-[H])(-[H])(-[H])-[H],,
20,NIPU,[#6](-[#6](-[#6](-[#6](-[#6](-[#6](-[#6](-[#6]1(-[#6](-[#6](-[#6](-[#6](-[#6](-[#6](-[H])(-[H])-[H])(-[H])-[H])(-[H])-[H])(-[H])-[H])(-[H])-[H])(-[#6](-[#6](-[#6](-[#6](-[#6](-[#6](-[#6](-[#6](-[#6](-[#6](-[#6](-[#6](=[#8])-[#7](-[#6](-[#6](-[#6](-[#6](-[#7](-[H])-[H])(-[H])-[H])(-[H])-[H])(-[H])-[H])(-[H])-[H])-[H])(-[H])-[H])(-[H])-[H])(-[H])-[H])(-[H])-[H])(-[H])-[H])(-[H])-[H])(-[H])-[H])(-[H])-[H])(-[#6]-1(-[#6](-[#6](-[#6](-[#6](-[#6](-[#6](-[#6](-[#6](-[#6](=[#8])-[#7](-[#6](-[#6](-[#6](-[#6](-[#7](-[H])-[H])(-[H])-[H])(-[H])-[H])(-[H])-[H])(-[H])-[H])-[H])(-[H])-[H])(-[H])-[H])(-[H])-[H])(-[H])-[H])(-[H])-[H])(-[H])-[H])(-[H])-[H])(-[H])-[H])-[H])-[H])(-[H])-[H])(-[H])-[H])-[H])-[H])(-[H])-[H])(-[H])-[H])(-[H])-[H])(-[H])-[H])(-[H])-[H])(-[H])-[H])(-[H])(-[H])-[H],[#6](-[#6](-[#6]1(-[#8]-[#6](=[#8])-[#8]-[#6]-1(-[#6](-[#6]1(-[#8]-[#6](=[#8])-[#8]-[#6]-1(-[#6](-[#6]1(-[#8]-[#6](=[#8])-[#8]-[#6]-1(-[#6](-[#6](-[#6](-[#6](-[#6](-[#6](-[#6](-[#6](=[#8])-[#8]-[#6](-[H])(-[H])-[H])(-[H])-[H])(-[H])-[H])(-[H])-[H])(-[H])-[H])(-[H])-[H])(-[H])-[H])(-[H])-[H])-[H])-[H])(-[H])-[H])-[H])-[H])(-[H])-[H])-[H])-[H])(-[H])-[H])(-[H])(-[H])-[H],,
21,NIPU,[#6](-[#6](-[#6](-[#6](-[#6](-[#6](-[#6](-[#6]1(-[#6](-[#6](-[#6](-[#6](-[#6](-[#6](-[H])(-[H])-[H])(-[H])-[H])(-[H])-[H])(-[H])-[H])(-[H])-[H])(-[#6](-[#6](-[#6](-[#6](-[#6](-[#6](-[#6](-[#6](-[#6](-[#6](-[#6](-[#6](=[#8])-[#7](-[#6](-[#6](-[#6](-[#7](-[#6](-[#6](-[#6](-[#7](-[H])-[H])(-[H])-[H])(-[H])-[H])(-[H])-[H])-[H])(-[H])-[H])(-[H])-[H])(-[H])-[H])-[H])(-[H])-[H])(-[H])-[H])(-[H])-[H])(-[H])-[H])(-[H])-[H])(-[H])-[H])(-[H])-[H])(-[H])-[H])(-[#6]-1(-[#6](-[#6](-[#6](-[#6](-[#6](-[#6](-[#6](-[#6](-[#6](=[#8])-[#7](-[#6](-[#6](-[#6](-[#7](-[#6](-[#6](-[#6](-[#7](-[H])-[H])(-[H])-[H])(-[H])-[H])(-[H])-[H])-[H])(-[H])-[H])(-[H])-[H])(-[H])-[H])-[H])(-[H])-[H])(-[H])-[H])(-[H])-[H])(-[H])-[H])(-[H])-[H])(-[H])-[H])(-[H])-[H])(-[H])-[H])-[H])-[H])(-[H])-[H])(-[H])-[H])-[H])-[H])(-[H])-[H])(-[H])-[H])(-[H])-[H])(-[H])-[H])(-[H])-[H])(-[H])-[H])(-[H])(-[H])-[H],[#6](-[#6](-[#6]1(-[#8]-[#6](=[#8])-[#8]-[#6]-1(-[#6](-[#6]1(-[#8]-[#6](=[#8])-[#8]-[#6]-1(-[#6](-[#6]1(-[#8]-[#6](=[#8])-[#8]-[#6]-1(-[#6](-[#6](-[#6](-[#6](-[#6](-[#6](-[#6](-[#6](=[#8])-[#8]-[#6](-[H])(-[H])-[H])(-[H])-[H])(-[H])-[H])(-[H])-[H])(-[H])-[H])(-[H])-[H])(-[H])-[H])(-[H])-[H])-[H])-[H])(-[H])-[H])-[H])-[H])(-[H])-[H])-[H])-[H])(-[H])-[H])(-[H])(-[H])-[H],,
22,NIPU,[#7](-[#6](-[#6](-[#6](-[#6](-[#6](-[#6](-[#7](-[#6](=[#8])-[#6](-[#6](-[#8]-[H])(-[#6](-[#6](=[#8])-[#7](-[#6](-[#6](-[#6](-[#6](-[#6](-[#6](-[#7](-[H])-[H])(-[H])-[H])(-[H])-[H])(-[H])-[H])(-[H])-[H])(-[H])-[H])(-[H])-[H])-[H])(-[H])-[H])-[#6](=[#8])-[#7](-[#6](-[#6](-[#6](-[#6](-[#6](-[#6](-[#7](-[H])-[H])(-[H])-[H])(-[H])-[H])(-[H])-[H])(-[H])-[H])(-[H])-[H])(-[H])-[H])-[H])(-[H])-[H])-[H])(-[H])-[H])(-[H])-[H])(-[H])-[H])(-[H])-[H])(-[H])-[H])(-[H])-[H])(-[H])-[H],[#8]=[#6]1-[#8]-[#6](-[#6](-[#6](-[#8]-[#6](-[#6](-[#6](-[#6](-[#6](-[#6](-[#8]-[#6](-[#6]2(-[#6](-[#8]-[#6](=[#8])-[#8]-2)(-[H])-[H])-[H])(-[H])-[H])(-[H])-[H])(-[H])-[H])(-[H])-[H])(-[H])-[H])(-[H])-[H])(-[H])-[H])(-[H])-[H])(-[#8]-1)-[H])(-[H])-[H],,
23,NIPU,[#7](-[#6](-[#6](-[#7](-[#6](-[#6](-[#7](-[H])-[H])(-[H])-[H])(-[H])-[H])-[#6](-[#6](-[#7](-[H])-[H])(-[H])-[H])(-[H])-[H])(-[H])-[H])(-[H])-[H])(-[H])-[H],[#8]=[#6]1-[#8]-[#6](-[#6](-[#6](-[#8]-[#6](-[#6](-[#6](-[#6](-[#6](-[#6](-[#8]-[#6](-[#6]2(-[#6](-[#8]-[#6](=[#8])-[#8]-2)(-[H])-[H])-[H])(-[H])-[H])(-[H])-[H])(-[H])-[H])(-[H])-[H])(-[H])-[H])(-[H])-[H])(-[H])-[H])(-[H])-[H])(-[#8]-1)-[H])(-[H])-[H],,
24,NIPU,[#7](-[#6](-[#6](-[#6](-[#6](-[#6](-[#6](-[#7](-[H])-[H])(-[H])-[H])(-[H])-[H])(-[H])-[H])(-[H])-[H])(-[H])-[H])(-[H])-[H])(-[H])-[H],[#6](-[#6](-[#6](-[#6](-[#6](-[#6](-[#6](-[#6](-[#6]1(-[#8]-[#6](=[#8])-[#8]-[#6]-1(-[#6](-[#6](-[#6](-[#6](-[#6](-[#6](-[#6](-[#6](=[#8])-[#8]-[#6](-[#6](-[#6](-[#8]-[#6](=[#8])-[#6](-[#6](-[#6](-[#6](-[#6](-[#6](-[#6](-[#6]1(-[#8]-[#6](=[#8])-[#8]-[#6]-1(-[#6](-[#6]1(-[#8]-[#6](=[#8])-[#8]-[#6]-1(-[#6](-[#6]1(-[#8]-[#6](=[#8])-[#8]-[#6]-1(-[#6](-[#6](-[H])(-[H])-[H])(-[H])-[H])-[H])-[H])(-[H])-[H])-[H])-[H])(-[H])-[H])-[H])-[H])(-[H])-[H])(-[H])-[H])(-[H])-[H])(-[H])-[H])(-[H])-[H])(-[H])-[H])(-[H])-[H])(-[H])-[H])(-[#6](-[#8]-[#6](=[#8])-[#6](-[#6](-[#6](-[#6](-[#6](-[#6](-[#6](-[#6]1(-[#8]-[#6](=[#8])-[#8]-[#6]-1(-[#6](-[#6]1(-[#8]-[#6](=[#8])-[#8]-[#6]-1(-[#6](-[#6]1(-[#8]-[#6](=[#8])-[#8]-[#6]-1(-[#6](-[#6](-[H])(-[H])-[H])(-[H])-[H])-[H])-[H])(-[H])-[H])-[H])-[H])(-[H])-[H])-[H])-[H])(-[H])-[H])(-[H])-[H])(-[H])-[H])(-[H])-[H])(-[H])-[H])(-[H])-[H])(-[H])-[H])(-[H])-[H])-[H])(-[H])-[H])(-[H])-[H])(-[H])-[H])(-[H])-[H])(-[H])-[H])(-[H])-[H])(-[H])-[H])(-[H])-[H])-[H])-[H])(-[H])-[H])(-[H])-[H])(-[H])-[H])(-[H])-[H])(-[H])-[H])(-[H])-[H])(-[H])-[H])(-[H])(-[H])-[H],,
25,NIPU,[#6](-[#6](-[#6](-[#6](-[#6](-[#6](-[#6](-[#6]1(-[#6](-[#6](-[#6](-[#6](-[#6](-[#6](-[H])(-[H])-[H])(-[H])-[H])(-[H])-[H])(-[H])-[H])(-[H])-[H])(-[#6](-[#6](-[#6](-[#6](-[#6](-[#6](-[#6](-[#6](-[#6](-[#6](-[#6](-[#6](=[#8])-[#7](-[#6](-[#6](-[#6](-[#6](-[#7](-[#6](=[#8])-[#6](-[#6](-[#6](-[#6](-[#6](-[#6](-[#6](-[#6](-[#6]2(-[#6](-[#6](-[#6](-[#6](-[#6](-[#6](-[#6](-[#6](-[H])(-[H])-[H])(-[H])-[H])(-[H])-[H])(-[H])-[H])(-[H])-[H])(-[#6](-[#6](-[#6](-[#6](-[#6](-[#6](-[#6](-[#6](-[H])(-[H])-[H])(-[H])-[H])(-[H])-[H])(-[H])-[H])(-[H])-[H])(-[H])-[H])(-[H])-[H])(-[#6]-2(-[#6](-[#6](-[#6](-[#6](-[#6](-[#6](-[#6](-[#6](-[#6](=[#8])-[#7](-[#6](-[#6](-[#6](-[#6](-[#7](-[#6](=[#8])-[#6](-[#6](-[#6](-[#6](-[#6](-[#6](-[#6](-[#6](-[#6]2(-[#6](-[#6](-[#6](-[#6](-[#6](-[#6](-[#6](-[#6](-[#6](-[#6](=[#8])-[#7](-[#6](-[#6](-[#6](-[#6](-[#7](-[H])-[H])(-[H])-[H])(-[H])-[H])(-[H])-[H])(-[H])-[H])-[H])(-[H])-[H])(-[H])-[H])(-[H])-[H])(-[H])-[H])(-[H])-[H])(-[H])-[H])(-[H])-[H])(-[H])-[H])(-[#6](-[#6](-[#6](-[#6](-[#6](-[#6](-[#6](-[#6](-[H])(-[H])-[H])(-[H])-[H])(-[H])-[H])(-[H])-[H])(-[H])-[H])(-[#6]-2(-[#6](-[#6](-[#6](-[#6](-[#6](-[#6](-[#6](-[H])(-[H])-[H])(-[H])-[H])(-[H])-[H])(-[H])-[H])(-[H])-[H])(-[H])-[H])(-[H])-[H])-[H])-[H])(-[H])-[H])(-[H])-[H])-[H])-[H])(-[H])-[H])(-[H])-[H])(-[H])-[H])(-[H])-[H])(-[H])-[H])(-[H])-[H])(-[H])-[H])(-[H])-[H])-[H])(-[H])-[H])(-[H])-[H])(-[H])-[H])(-[H])-[H])-[H])(-[H])-[H])(-[H])-[H])(-[H])-[H])(-[H])-[H])(-[H])-[H])(-[H])-[H])(-[H])-[H])(-[H])-[H])-[H])-[H])-[H])(-[H])-[H])(-[H])-[H])-[H])(-[H])-[H])(-[H])-[H])(-[H])-[H])(-[H])-[H])(-[H])-[H])(-[H])-[H])(-[H])-[H])(-[H])-[H])-[H])(-[H])-[H])(-[H])-[H])(-[H])-[H])(-[H])-[H])-[H])(-[H])-[H])(-[H])-[H])(-[H])-[H])(-[H])-[H])(-[H])-[H])(-[H])-[H])(-[H])-[H])(-[H])-[H])(-[#6]-1(-[#6](-[#6](-[#6](-[#6](-[#6](-[#6](-[#6](-[#6](-[#6](=[#8])-[#7](-[#6](-[#6](-[#6](-[#6](-[#7](-[H])-[H])(-[H])-[H])(-[H])-[H])(-[H])-[H])(-[H])-[H])-[H])(-[H])-[H])(-[H])-[H])(-[H])-[H])(-[H])-[H])(-[H])-[H])(-[H])-[H])(-[H])-[H])(-[H])-[H])-[H])-[H])(-[H])-[H])(-[H])-[H])-[H])-[H])(-[H])-[H])(-[H])-[H])(-[H])-[H])(-[H])-[H])(-[H])-[H])(-[H])-[H])(-[H])(-[H])-[H],[#8]=[#6]1-[#8]-[#6](-[#6](-[#6](-[#8]-[#6](-[#6](-[#8]-[H])(-[#6](-[#8]-[#6](-[#6]2(-[#6](-[#8]-[#6](=[#8])-[#8]-2)(-[H])-[H])-[H])(-[H])-[H])(-[#6](-[#8]-[#6](-[#6]2(-[#6](-[#8]-[#6](=[#8])-[#8]-2)(-[H])-[H])-[H])(-[H])-[H])(-[#6](-[#8]-[H])(-[#6](-[#8]-[#6](-[#6]2(-[#6](-[#8]-[#6](=[#8])-[#8]-2)(-[H])-[H])-[H])(-[H])-[H])(-[H])-[H])-[H])-[H])-[H])-[H])(-[H])-[H])(-[H])-[H])(-[#8]-1)-[H])(-[H])-[H],,
26,NIPU,[#6](-[#6](-[#6](-[#6](-[#6](-[#6](-[#6]1(-[#6](-[#6](-[#6](-[#6](-[#6](-[#6](-[#6](-[#6](-[#6](-[#6](-[#6](-[#7](-[H])-[H])(-[H])-[H])(-[H])-[H])(-[H])-[H])(-[H])-[H])(-[H])-[H])(-[H])-[H])(-[H])-[H])(-[H])-[H])(-[#6](-[#6](-[#6](-[#6](-[#6](-[#6](-[#6](-[#6](-[#6](-[#6](-[#6](-[#7](-[H])-[H])(-[H])-[H])(-[H])-[H])(-[H])-[H])(-[H])-[H])(-[H])-[H])(-[H])-[H])(-[H])-[H])(-[H])-[H])(-[H])-[H])(-[H])-[H])(-[#6]-1(-[#6](-[#6](-[#6](-[#6](-[#6](-[#6](-[H])(-[H])-[H])(-[H])-[H])(-[H])-[H])(-[H])-[H])(-[H])-[H])(-[H])-[H])-[H])-[H])-[H])(-[H])-[H])(-[H])-[H])-[H])(-[H])-[H])(-[H])-[H])(-[H])-[H])(-[H])-[H])(-[H])-[H])(-[H])(-[H])-[H],[#6](-[#6](-[#6](-[#6](-[#6](-[#6](-[#6](-[#6](-[#6]1(-[#8]-[#6](=[#8])-[#8]-[#6]-1(-[#6](-[#6](-[#6](-[#6](-[#6](-[#6](-[#6](-[#6](=[#8])-[#8]-[#6](-[#6](-[#6](-[#8]-[#6](=[#8])-[#6](-[#6](-[#6](-[#6](-[#6](-[#6](-[#6](-[#6]1(-[#8]-[#6](=[#8])-[#8]-[#6]-1(-[#6](-[#6]1(-[#8]-[#6](=[#8])-[#8]-[#6]-1(-[#6](-[#6]1(-[#8]-[#6](=[#8])-[#8]-[#6]-1(-[#6](-[#6](-[H])(-[H])-[H])(-[H])-[H])-[H])-[H])(-[H])-[H])-[H])-[H])(-[H])-[H])-[H])-[H])(-[H])-[H])(-[H])-[H])(-[H])-[H])(-[H])-[H])(-[H])-[H])(-[H])-[H])(-[H])-[H])(-[H])-[H])(-[#6](-[#8]-[#6](=[#8])-[#6](-[#6](-[#6](-[#6](-[#6](-[#6](-[#6](-[#6]1(-[#8]-[#6](=[#8])-[#8]-[#6]-1(-[#6](-[#6]1(-[#8]-[#6](=[#8])-[#8]-[#6]-1(-[#6](-[#6]1(-[#8]-[#6](=[#8])-[#8]-[#6]-1(-[#6](-[#6](-[H])(-[H])-[H])(-[H])-[H])-[H])-[H])(-[H])-[H])-[H])-[H])(-[H])-[H])-[H])-[H])(-[H])-[H])(-[H])-[H])(-[H])-[H])(-[H])-[H])(-[H])-[H])(-[H])-[H])(-[H])-[H])(-[H])-[H])-[H])(-[H])-[H])(-[H])-[H])(-[H])-[H])(-[H])-[H])(-[H])-[H])(-[H])-[H])(-[H])-[H])(-[H])-[H])-[H])-[H])(-[H])-[H])(-[H])-[H])(-[H])-[H])(-[H])-[H])(-[H])-[H])(-[H])-[H])(-[H])-[H])(-[H])(-[H])-[H],,
27,NIPU,[#6](-[#6](-[#6](-[#6](-[#6](-[#6](-[#6]1(-[#6](-[#6](-[#6](-[#6](-[#6](-[#6](-[#6](-[#6](-[#6](-[#6](-[#6](-[#7](-[H])-[H])(-[H])-[H])(-[H])-[H])(-[H])-[H])(-[H])-[H])(-[H])-[H])(-[H])-[H])(-[H])-[H])(-[H])-[H])(-[#6](-[#6](-[#6](-[#6](-[#6](-[#6](-[#6](-[#6](-[#6](-[#6](-[#6](-[#7](-[H])-[H])(-[H])-[H])(-[H])-[H])(-[H])-[H])(-[H])-[H])(-[H])-[H])(-[H])-[H])(-[H])-[H])(-[H])-[H])(-[H])-[H])(-[H])-[H])(-[#6]-1(-[#6](-[#6](-[#6](-[#6](-[#6](-[#6](-[H])(-[H])-[H])(-[H])-[H])(-[H])-[H])(-[H])-[H])(-[H])-[H])(-[H])-[H])-[H])-[H])-[H])(-[H])-[H])(-[H])-[H])-[H])(-[H])-[H])(-[H])-[H])(-[H])-[H])(-[H])-[H])(-[H])-[H])(-[H])(-[H])-[H],[#8]=[#6]1-[#8]-[#6](-[#6](-[#6](-[#8]-[#6]2:[#6](:[#6](:[#6](:[#6](-[#8]-[#6](-[#6]3(-[#6](-[#8]-[#6](=[#8])-[#8]-3)(-[H])-[H])-[H])(-[H])-[H]):[#6]:2-[H])-[H])-[H])-[H])(-[H])-[H])(-[#8]-1)-[H])(-[H])-[H],,
28,NIPU,[#6](-[#6](-[#6](-[#6](-[#6](-[#6](-[#6](-[#6]1(-[#6](-[#6](-[#6](-[#6](-[#6](-[#6](-[H])(-[H])-[H])(-[H])-[H])(-[H])-[H])(-[H])-[H])(-[H])-[H])(-[#6](-[#6](-[#6](-[#6](-[#6](-[#6](-[#6](-[#6](-[#6](-[#6](-[#6](-[#6](=[#8])-[#7](-[#6](-[#6](-[#6](-[#6](-[#7](-[H])-[H])(-[H])-[H])(-[H])-[H])(-[H])-[H])(-[H])-[H])-[H])(-[H])-[H])(-[H])-[H])(-[H])-[H])(-[H])-[H])(-[H])-[H])(-[H])-[H])(-[H])-[H])(-[H])-[H])(-[#6]-1(-[#6](-[#6](-[#6](-[#6](-[#6](-[#6](-[#6](-[#6](-[#6](=[#8])-[#7](-[#6](-[#6](-[#6](-[#6](-[#7](-[#6](=[#8])-[#6](-[#6](-[#6](-[#6](-[#6](-[#6](-[#6](-[#6](-[#6]1(-[#6](-[#6](-[#6](-[#6](-[#6](-[#6](-[#6](-[#6](-[#6](-[#6](=[#8])-[#7](-[#6](-[#6](-[#6](-[#6](-[#7](-[#6](=[#8])-[#6](-[#6](-[#6](-[#6](-[#6](-[#6](-[#6](-[#6](-[#6]2(-[#6](-[#6](-[#6](-[#6](-[#6](-[#6](-[#6](-[#6](-[H])(-[H])-[H])(-[H])-[H])(-[H])-[H])(-[H])-[H])(-[H])-[H])(-[#6](-[#6](-[#6](-[#6](-[#6](-[#6](-[#6](-[#6](-[H])(-[H])-[H])(-[H])-[H])(-[H])-[H])(-[H])-[H])(-[H])-[H])(-[H])-[H])(-[H])-[H])(-[#6]-2(-[#6](-[#6](-[#6](-[#6](-[#6](-[#6](-[#6](-[#6](-[#6](=[#8])-[#7](-[#6](-[#6](-[#6](-[#6](-[#7](-[#6](=[#8])-[#6](-[#6](-[#6](-[#6](-[#6](-[#6](-[#6](-[#6](-[#6]2(-[#6](-[#6](-[#6](-[#6](-[#6](-[#6](-[#6](-[#6](-[#6](-[#6](=[#8])-[#7](-[#6](-[#6](-[#6](-[#6](-[#7](-[H])-[H])(-[H])-[H])(-[H])-[H])(-[H])-[H])(-[H])-[H])-[H])(-[H])-[H])(-[H])-[H])(-[H])-[H])(-[H])-[H])(-[H])-[H])(-[H])-[H])(-[H])-[H])(-[H])-[H])(-[#6](-[#6](-[#6](-[#6](-[#6](-[#6](-[#6](-[#6](-[H])(-[H])-[H])(-[H])-[H])(-[H])-[H])(-[H])-[H])(-[H])-[H])(-[#6]-2(-[#6](-[#6](-[#6](-[#6](-[#6](-[#6](-[#6](-[H])(-[H])-[H])(-[H])-[H])(-[H])-[H])(-[H])-[H])(-[H])-[H])(-[H])-[H])(-[H])-[H])-[H])-[H])(-[H])-[H])(-[H])-[H])-[H])-[H])(-[H])-[H])(-[H])-[H])(-[H])-[H])(-[H])-[H])(-[H])-[H])(-[H])-[H])(-[H])-[H])(-[H])-[H])-[H])(-[H])-[H])(-[H])-[H])(-[H])-[H])(-[H])-[H])-[H])(-[H])-[H])(-[H])-[H])(-[H])-[H])(-[H])-[H])(-[H])-[H])(-[H])-[H])(-[H])-[H])(-[H])-[H])-[H])-[H])-[H])(-[H])-[H])(-[H])-[H])-[H])(-[H])-[H])(-[H])-[H])(-[H])-[H])(-[H])-[H])(-[H])-[H])(-[H])-[H])(-[H])-[H])(-[H])-[H])-[H])(-[H])-[H])(-[H])-[H])(-[H])-[H])(-[H])-[H])-[H])(-[H])-[H])(-[H])-[H])(-[H])-[H])(-[H])-[H])(-[H])-[H])(-[H])-[H])(-[H])-[H])(-[H])-[H])(-[#6](-[#6](-[#6](-[#6](-[#6](-[#6](-[#6](-[#6](-[H])(-[H])-[H])(-[H])-[H])(-[H])-[H])(-[H])-[H])(-[H])-[H])(-[#6]-1(-[#6](-[#6](-[#6](-[#6](-[#6](-[#6](-[#6](-[H])(-[H])-[H])(-[H])-[H])(-[H])-[H])(-[H])-[H])(-[H])-[H])(-[H])-[H])(-[H])-[H])-[H])-[H])(-[H])-[H])(-[H])-[H])-[H])-[H])(-[H])-[H])(-[H])-[H])(-[H])-[H])(-[H])-[H])(-[H])-[H])(-[H])-[H])(-[H])-[H])(-[H])-[H])-[H])(-[H])-[H])(-[H])-[H])(-[H])-[H])(-[H])-[H])-[H])(-[H])-[H])(-[H])-[H])(-[H])-[H])(-[H])-[H])(-[H])-[H])(-[H])-[H])(-[H])-[H])(-[H])-[H])-[H])-[H])(-[H])-[H])(-[H])-[H])-[H])-[H])(-[H])-[H])(-[H])-[H])(-[H])-[H])(-[H])-[H])(-[H])-[H])(-[H])-[H])(-[H])(-[H])-[H],[#6](-[#6](-[#6](-[#6](-[#6](-[#6](-[#6](-[#6](-[#6]1(-[#8]-[#6](=[#8])-[#8]-[#6]-1(-[#6](-[#6](-[#6](-[#6](-[#6](-[#6](-[#6](-[#6](=[#8])-[#8]-[#6](-[#6](-[#6](-[#8]-[#6](=[#8])-[#6](-[#6](-[#6](-[#6](-[#6](-[#6](-[#6](-[#6]1(-[#8]-[#6](=[#8])-[#8]-[#6]-1(-[#6](-[#6]1(-[#8]-[#6](=[#8])-[#8]-[#6]-1(-[#6](-[#6]1(-[#8]-[#6](=[#8])-[#8]-[#6]-1(-[#6](-[#6](-[H])(-[H])-[H])(-[H])-[H])-[H])-[H])(-[H])-[H])-[H])-[H])(-[H])-[H])-[H])-[H])(-[H])-[H])(-[H])-[H])(-[H])-[H])(-[H])-[H])(-[H])-[H])(-[H])-[H])(-[H])-[H])(-[H])-[H])(-[#6](-[#8]-[#6](=[#8])-[#6](-[#6](-[#6](-[#6](-[#6](-[#6](-[#6](-[#6]1(-[#8]-[#6](=[#8])-[#8]-[#6]-1(-[#6](-[#6]1(-[#8]-[#6](=[#8])-[#8]-[#6]-1(-[#6](-[#6]1(-[#8]-[#6](=[#8])-[#8]-[#6]-1(-[#6](-[#6](-[H])(-[H])-[H])(-[H])-[H])-[H])-[H])(-[H])-[H])-[H])-[H])(-[H])-[H])-[H])-[H])(-[H])-[H])(-[H])-[H])(-[H])-[H])(-[H])-[H])(-[H])-[H])(-[H])-[H])(-[H])-[H])(-[H])-[H])-[H])(-[H])-[H])(-[H])-[H])(-[H])-[H])(-[H])-[H])(-[H])-[H])(-[H])-[H])(-[H])-[H])(-[H])-[H])-[H])-[H])(-[H])-[H])(-[H])-[H])(-[H])-[H])(-[H])-[H])(-[H])-[H])(-[H])-[H])(-[H])-[H])(-[H])(-[H])-[H],,
29,NIPU,[#6](-[#6](-[#6](-[#6](-[#6](-[#6](-[#6](-[#6]1(-[#6](-[#6](-[#6](-[#6](-[#6](-[#6](-[H])(-[H])-[H])(-[H])-[H])(-[H])-[H])(-[H])-[H])(-[H])-[H])(-[#6](-[#6](-[#6](-[#6](-[#6](-[#6](-[#6](-[#6](-[#6](-[#6](-[#6](-[#6](=[#8])-[#7](-[#6](-[#6](-[#6](-[#6](-[#7](-[H])-[H])(-[H])-[H])(-[H])-[H])(-[H])-[H])(-[H])-[H])-[H])(-[H])-[H])(-[H])-[H])(-[H])-[H])(-[H])-[H])(-[H])-[H])(-[H])-[H])(-[H])-[H])(-[H])-[H])(-[#6]-1(-[#6](-[#6](-[#6](-[#6](-[#6](-[#6](-[#6](-[#6](-[#6](=[#8])-[#7](-[#6](-[#6](-[#6](-[#6](-[#7](-[#6](=[#8])-[#6](-[#6](-[#6](-[#6](-[#6](-[#6](-[#6](-[#6](-[#6]1(-[#6](-[#6](-[#6](-[#6](-[#6](-[#6](-[#6](-[#6](-[#6](-[#6](=[#8])-[#7](-[#6](-[#6](-[#6](-[#6](-[#7](-[#6](=[#8])-[#6](-[#6](-[#6](-[#6](-[#6](-[#6](-[#6](-[#6](-[#6]2(-[#6](-[#6](-[#6](-[#6](-[#6](-[#6](-[#6](-[#6](-[H])(-[H])-[H])(-[H])-[H])(-[H])-[H])(-[H])-[H])(-[H])-[H])(-[#6](-[#6](-[#6](-[#6](-[#6](-[#6](-[#6](-[#6](-[H])(-[H])-[H])(-[H])-[H])(-[H])-[H])(-[H])-[H])(-[H])-[H])(-[H])-[H])(-[H])-[H])(-[#6]-2(-[#6](-[#6](-[#6](-[#6](-[#6](-[#6](-[#6](-[#6](-[#6](=[#8])-[#7](-[#6](-[#6](-[#6](-[#6](-[#7](-[#6](=[#8])-[#6](-[#6](-[#6](-[#6](-[#6](-[#6](-[#6](-[#6](-[#6]2(-[#6](-[#6](-[#6](-[#6](-[#6](-[#6](-[#6](-[#6](-[#6](-[#6](=[#8])-[#7](-[#6](-[#6](-[#6](-[#6](-[#7](-[H])-[H])(-[H])-[H])(-[H])-[H])(-[H])-[H])(-[H])-[H])-[H])(-[H])-[H])(-[H])-[H])(-[H])-[H])(-[H])-[H])(-[H])-[H])(-[H])-[H])(-[H])-[H])(-[H])-[H])(-[#6](-[#6](-[#6](-[#6](-[#6](-[#6](-[#6](-[#6](-[H])(-[H])-[H])(-[H])-[H])(-[H])-[H])(-[H])-[H])(-[H])-[H])(-[#6]-2(-[#6](-[#6](-[#6](-[#6](-[#6](-[#6](-[#6](-[H])(-[H])-[H])(-[H])-[H])(-[H])-[H])(-[H])-[H])(-[H])-[H])(-[H])-[H])(-[H])-[H])-[H])-[H])(-[H])-[H])(-[H])-[H])-[H])-[H])(-[H])-[H])(-[H])-[H])(-[H])-[H])(-[H])-[H])(-[H])-[H])(-[H])-[H])(-[H])-[H])(-[H])-[H])-[H])(-[H])-[H])(-[H])-[H])(-[H])-[H])(-[H])-[H])-[H])(-[H])-[H])(-[H])-[H])(-[H])-[H])(-[H])-[H])(-[H])-[H])(-[H])-[H])(-[H])-[H])(-[H])-[H])-[H])-[H])-[H])(-[H])-[H])(-[H])-[H])-[H])(-[H])-[H])(-[H])-[H])(-[H])-[H])(-[H])-[H])(-[H])-[H])(-[H])-[H])(-[H])-[H])(-[H])-[H])-[H])(-[H])-[H])(-[H])-[H])(-[H])-[H])(-[H])-[H])-[H])(-[H])-[H])(-[H])-[H])(-[H])-[H])(-[H])-[H])(-[H])-[H])(-[H])-[H])(-[H])-[H])(-[H])-[H])(-[#6](-[#6](-[#6](-[#6](-[#6](-[#6](-[#6](-[#6](-[H])(-[H])-[H])(-[H])-[H])(-[H])-[H])(-[H])-[H])(-[H])-[H])(-[#6]-1(-[#6](-[#6](-[#6](-[#6](-[#6](-[#6](-[#6](-[H])(-[H])-[H])(-[H])-[H])(-[H])-[H])(-[H])-[H])(-[H])-[H])(-[H])-[H])(-[H])-[H])-[H])-[H])(-[H])-[H])(-[H])-[H])-[H])-[H])(-[H])-[H])(-[H])-[H])(-[H])-[H])(-[H])-[H])(-[H])-[H])(-[H])-[H])(-[H])-[H])(-[H])-[H])-[H])(-[H])-[H])(-[H])-[H])(-[H])-[H])(-[H])-[H])-[H])(-[H])-[H])(-[H])-[H])(-[H])-[H])(-[H])-[H])(-[H])-[H])(-[H])-[H])(-[H])-[H])(-[H])-[H])-[H])-[H])(-[H])-[H])(-[H])-[H])-[H])-[H])(-[H])-[H])(-[H])-[H])(-[H])-[H])(-[H])-[H])(-[H])-[H])(-[H])-[H])(-[H])(-[H])-[H],[#6](-[#6](-[#6]1(-[#8]-[#6](=[#8])-[#8]-[#6]-1(-[#6](-[#6]1(-[#8]-[#6](=[#8])-[#8]-[#6]-1(-[#6](-[#6]1(-[#8]-[#6](=[#8])-[#8]-[#6]-1(-[#6](-[#6](-[#6](-[#6](-[#6](-[#6](-[#6](-[#6](=[#8])-[#8]-[#6](-[H])(-[H])-[H])(-[H])-[H])(-[H])-[H])(-[H])-[H])(-[H])-[H])(-[H])-[H])(-[H])-[H])(-[H])-[H])-[H])-[H])(-[H])-[H])-[H])-[H])(-[H])-[H])-[H])-[H])(-[H])-[H])(-[H])(-[H])-[H],,
30,NIPU,[#6](-[#6](-[#6](-[#6](-[#6](-[#6](-[#6](-[#6]1(-[#6](-[#6](-[#6](-[#6](-[#6](-[#6](-[H])(-[H])-[H])(-[H])-[H])(-[H])-[H])(-[H])-[H])(-[H])-[H])(-[#6](-[#6](-[#6](-[#6](-[#6](-[#6](-[#6](-[#6](-[#6](-[#6](-[#6](-[#6](=[#8])-[#7](-[#6](-[#6](-[#6](-[#6](-[#7](-[#6](=[#8])-[#6](-[#6](-[#6](-[#6](-[#6](-[#6](-[#6](-[#6](-[#6]2(-[#6](-[#6](-[#6](-[#6](-[#6](-[#6](-[#6](-[#6](-[H])(-[H])-[H])(-[H])-[H])(-[H])-[H])(-[H])-[H])(-[H])-[H])(-[#6](-[#6](-[#6](-[#6](-[#6](-[#6](-[#6](-[#6](-[H])(-[H])-[H])(-[H])-[H])(-[H])-[H])(-[H])-[H])(-[H])-[H])(-[H])-[H])(-[H])-[H])(-[#6]-2(-[#6](-[#6](-[#6](-[#6](-[#6](-[#6](-[#6](-[#6](-[#6](=[#8])-[#7](-[#6](-[#6](-[#6](-[#6](-[#7](-[#6](=[#8])-[#6](-[#6](-[#6](-[#6](-[#6](-[#6](-[#6](-[#6](-[#6]2(-[#6](-[#6](-[#6](-[#6](-[#6](-[#6](-[#6](-[#6](-[#6](-[#6](=[#8])-[#7](-[#6](-[#6](-[#6](-[#6](-[#7](-[H])-[H])(-[H])-[H])(-[H])-[H])(-[H])-[H])(-[H])-[H])-[H])(-[H])-[H])(-[H])-[H])(-[H])-[H])(-[H])-[H])(-[H])-[H])(-[H])-[H])(-[H])-[H])(-[H])-[H])(-[#6](-[#6](-[#6](-[#6](-[#6](-[#6](-[#6](-[#6](-[H])(-[H])-[H])(-[H])-[H])(-[H])-[H])(-[H])-[H])(-[H])-[H])(-[#6]-2(-[#6](-[#6](-[#6](-[#6](-[#6](-[#6](-[#6](-[H])(-[H])-[H])(-[H])-[H])(-[H])-[H])(-[H])-[H])(-[H])-[H])(-[H])-[H])(-[H])-[H])-[H])-[H])(-[H])-[H])(-[H])-[H])-[H])-[H])(-[H])-[H])(-[H])-[H])(-[H])-[H])(-[H])-[H])(-[H])-[H])(-[H])-[H])(-[H])-[H])(-[H])-[H])-[H])(-[H])-[H])(-[H])-[H])(-[H])-[H])(-[H])-[H])-[H])(-[H])-[H])(-[H])-[H])(-[H])-[H])(-[H])-[H])(-[H])-[H])(-[H])-[H])(-[H])-[H])(-[H])-[H])-[H])-[H])-[H])(-[H])-[H])(-[H])-[H])-[H])(-[H])-[H])(-[H])-[H])(-[H])-[H])(-[H])-[H])(-[H])-[H])(-[H])-[H])(-[H])-[H])(-[H])-[H])-[H])(-[H])-[H])(-[H])-[H])(-[H])-[H])(-[H])-[H])-[H])(-[H])-[H])(-[H])-[H])(-[H])-[H])(-[H])-[H])(-[H])-[H])(-[H])-[H])(-[H])-[H])(-[H])-[H])(-[#6]-1(-[#6](-[#6](-[#6](-[#6](-[#6](-[#6](-[#6](-[#6](-[#6](=[#8])-[#7](-[#6](-[#6](-[#6](-[#6](-[#7](-[H])-[H])(-[H])-[H])(-[H])-[H])(-[H])-[H])(-[H])-[H])-[H])(-[H])-[H])(-[H])-[H])(-[H])-[H])(-[H])-[H])(-[H])-[H])(-[H])-[H])(-[H])-[H])(-[H])-[H])-[H])-[H])(-[H])-[H])(-[H])-[H])-[H])-[H])(-[H])-[H])(-[H])-[H])(-[H])-[H])(-[H])-[H])(-[H])-[H])(-[H])-[H])(-[H])(-[H])-[H],[#6](-[#6](-[#6]1(-[#8]-[#6](=[#8])-[#8]-[#6]-1(-[#6](-[#6]1(-[#8]-[#6](=[#8])-[#8]-[#6]-1(-[#6](-[#6]1(-[#8]-[#6](=[#8])-[#8]-[#6]-1(-[#6](-[#6](-[#6](-[#6](-[#6](-[#6](-[#6](-[#6](=[#8])-[#8]-[#6](-[H])(-[H])-[H])(-[H])-[H])(-[H])-[H])(-[H])-[H])(-[H])-[H])(-[H])-[H])(-[H])-[H])(-[H])-[H])-[H])-[H])(-[H])-[H])-[H])-[H])(-[H])-[H])-[H])-[H])(-[H])-[H])(-[H])(-[H])-[H],,
31,NIPU,[#7](-[#6](-[#6]1:[#6](:[#6](:[#6](:[#6](-[#6](-[#7](-[H])-[H])(-[H])-[H]):[#6]:1-[H])-[H])-[H])-[H])(-[H])-[H])(-[H])-[H],[#6](-[#6](-[#6](-[#6](-[#6](-[#6](-[#6](-[#6]1(-[#6](-[#6](-[#6](-[#6](-[#6](-[#6](-[H])(-[H])-[H])(-[H])-[H])(-[H])-[H])(-[H])-[H])(-[H])-[H])(-[#6](-[#6](-[#6](-[#6](-[#6](-[#6](-[#6](-[#6](-[#6](-[#6](-[#6](-[#6](=[#8])-[#8]-[#6](-[#6]2(-[#6](-[#8]-[#6](=[#8])-[#8]-2)(-[H])-[H])-[H])(-[H])-[H])(-[H])-[H])(-[H])-[H])(-[H])-[H])(-[H])-[H])(-[H])-[H])(-[H])-[H])(-[H])-[H])(-[H])-[H])(-[#6]-1(-[#6](-[#6](-[#6](-[#6](-[#6](-[#6](-[#6](-[#6](-[#6](=[#8])-[#8]-[#6](-[#6]1(-[#6](-[#8]-[#6](=[#8])-[#8]-1)(-[H])-[H])-[H])(-[H])-[H])(-[H])-[H])(-[H])-[H])(-[H])-[H])(-[H])-[H])(-[H])-[H])(-[H])-[H])(-[H])-[H])(-[H])-[H])-[H])-[H])(-[H])-[H])(-[H])-[H])-[H])-[H])(-[H])-[H])(-[H])-[H])(-[H])-[H])(-[H])-[H])(-[H])-[H])(-[H])-[H])(-[H])(-[H])-[H],,
32,NIPU,[#6](-[#6](-[#6](-[#6](-[#6](-[#6](-[#6]1(-[#6](-[#6](-[#6](-[#6](-[#6](-[#6](-[#6](-[#6](-[#6](-[#6](-[#6](-[#7](-[H])-[H])(-[H])-[H])(-[H])-[H])(-[H])-[H])(-[H])-[H])(-[H])-[H])(-[H])-[H])(-[H])-[H])(-[H])-[H])(-[#6](-[#6](-[#6](-[#6](-[#6](-[#6](-[#6](-[#6](-[#6](-[#6](-[#6](-[#7](-[H])-[H])(-[H])-[H])(-[H])-[H])(-[H])-[H])(-[H])-[H])(-[H])-[H])(-[H])-[H])(-[H])-[H])(-[H])-[H])(-[H])-[H])(-[H])-[H])(-[#6]-1(-[#6](-[#6](-[#6](-[#6](-[#6](-[#6](-[H])(-[H])-[H])(-[H])-[H])(-[H])-[H])(-[H])-[H])(-[H])-[H])(-[H])-[H])-[H])-[H])-[H])(-[H])-[H])(-[H])-[H])-[H])(-[H])-[H])(-[H])-[H])(-[H])-[H])(-[H])-[H])(-[H])-[H])(-[H])(-[H])-[H],[#6](-[#6](-[#6](-[#6](-[#6](-[#6](-[#6](-[#6]1(-[#6](-[#6](-[#6](-[#6](-[#6](-[#6](-[H])(-[H])-[H])(-[H])-[H])(-[H])-[H])(-[H])-[H])(-[H])-[H])(-[#6](-[#6](-[#6](-[#6](-[#6](-[#6](-[#6](-[#6](-[#6](-[#6](-[#6](-[#6](=[#8])-[#8]-[#6](-[#6]2(-[#6](-[#8]-[#6](=[#8])-[#8]-2)(-[H])-[H])-[H])(-[H])-[H])(-[H])-[H])(-[H])-[H])(-[H])-[H])(-[H])-[H])(-[H])-[H])(-[H])-[H])(-[H])-[H])(-[H])-[H])(-[#6]-1(-[#6](-[#6](-[#6](-[#6](-[#6](-[#6](-[#6](-[#6](-[#6](=[#8])-[#8]-[#6](-[#6]1(-[#6](-[#8]-[#6](=[#8])-[#8]-1)(-[H])-[H])-[H])(-[H])-[H])(-[H])-[H])(-[H])-[H])(-[H])-[H])(-[H])-[H])(-[H])-[H])(-[H])-[H])(-[H])-[H])(-[H])-[H])-[H])-[H])(-[H])-[H])(-[H])-[H])-[H])-[H])(-[H])-[H])(-[H])-[H])(-[H])-[H])(-[H])-[H])(-[H])-[H])(-[H])-[H])(-[H])(-[H])-[H],,
33,NIPU,[#7](-[#6](-[#6](-[#6](-[#7](-[#6](-[#6](-[#6](-[#7](-[H])-[H])(-[H])-[H])(-[H])-[H])(-[H])-[H])-[H])(-[H])-[H])(-[H])-[H])(-[H])-[H])(-[H])-[H],[#8]=[#6]1-[#8]-[#6](-[#6](-[#6](-[#8]-[#6](-[#6](-[#6](-[#6](-[#6](-[#6](-[#8]-[#6](-[#6]2(-[#6](-[#8]-[#6](=[#8])-[#8]-2)(-[H])-[H])-[H])(-[H])-[H])(-[H])-[H])(-[H])-[H])(-[H])-[H])(-[H])-[H])(-[H])-[H])(-[H])-[H])(-[H])-[H])(-[#8]-1)-[H])(-[H])-[H],,
34,NIPU,[#7](-[#6](-[#6](-[#6](-[#6](-[#6](-[#6](-[#7](-[#6](=[#8])-[#6](-[#6](-[#8]-[H])(-[#6](-[#6](=[#8])-[#7](-[#6](-[#6](-[#6](-[#6](-[#6](-[#6](-[#7](-[H])-[H])(-[H])-[H])(-[H])-[H])(-[H])-[H])(-[H])-[H])(-[H])-[H])(-[H])-[H])-[H])(-[H])-[H])-[#6](=[#8])-[#7](-[#6](-[#6](-[#6](-[#6](-[#6](-[#6](-[#7](-[H])-[H])(-[H])-[H])(-[H])-[H])(-[H])-[H])(-[H])-[H])(-[H])-[H])(-[H])-[H])-[H])(-[H])-[H])-[H])(-[H])-[H])(-[H])-[H])(-[H])-[H])(-[H])-[H])(-[H])-[H])(-[H])-[H])(-[H])-[H],[#6](-[#6](-[#6](-[#6](-[#6](-[#6](-[#6](-[#6]1(-[#6](-[#6](-[#6](-[#6](-[#6](-[#6](-[H])(-[H])-[H])(-[H])-[H])(-[H])-[H])(-[H])-[H])(-[H])-[H])(-[#6](-[#6](-[#6](-[#6](-[#6](-[#6](-[#6](-[#6](-[#6](-[#6](-[#6](-[#6](=[#8])-[#8]-[#6](-[#6]2(-[#6](-[#8]-[#6](=[#8])-[#8]-2)(-[H])-[H])-[H])(-[H])-[H])(-[H])-[H])(-[H])-[H])(-[H])-[H])(-[H])-[H])(-[H])-[H])(-[H])-[H])(-[H])-[H])(-[H])-[H])(-[#6]-1(-[#6](-[#6](-[#6](-[#6](-[#6](-[#6](-[#6](-[#6](-[#6](=[#8])-[#8]-[#6](-[#6]1(-[#6](-[#8]-[#6](=[#8])-[#8]-1)(-[H])-[H])-[H])(-[H])-[H])(-[H])-[H])(-[H])-[H])(-[H])-[H])(-[H])-[H])(-[H])-[H])(-[H])-[H])(-[H])-[H])(-[H])-[H])-[H])-[H])(-[H])-[H])(-[H])-[H])-[H])-[H])(-[H])-[H])(-[H])-[H])(-[H])-[H])(-[H])-[H])(-[H])-[H])(-[H])-[H])(-[H])(-[H])-[H],,
35,NIPU,[#6](-[#6](-[#6](-[#6](-[#6](-[#6](-[#6](-[#6]1(-[#6](-[#6](-[#6](-[#6](-[#6](-[#6](-[H])(-[H])-[H])(-[H])-[H])(-[H])-[H])(-[H])-[H])(-[H])-[H])(-[#6](-[#6](-[#6](-[#6](-[#6](-[#6](-[#6](-[#6](-[#6](-[#6](-[#6](-[#6](=[#8])-[#7](-[#6](-[#6](-[#6](-[#7](-[#6](-[#6](-[#6](-[#7](-[H])-[H])(-[H])-[H])(-[H])-[H])(-[H])-[H])-[H])(-[H])-[H])(-[H])-[H])(-[H])-[H])-[H])(-[H])-[H])(-[H])-[H])(-[H])-[H])(-[H])-[H])(-[H])-[H])(-[H])-[H])(-[H])-[H])(-[H])-[H])(-[#6]-1(-[#6](-[#6](-[#6](-[#6](-[#6](-[#6](-[#6](-[#6](-[#6](=[#8])-[#7](-[#6](-[#6](-[#6](-[#7](-[#6](-[#6](-[#6](-[#7](-[H])-[H])(-[H])-[H])(-[H])-[H])(-[H])-[H])-[H])(-[H])-[H])(-[H])-[H])(-[H])-[H])-[H])(-[H])-[H])(-[H])-[H])(-[H])-[H])(-[H])-[H])(-[H])-[H])(-[H])-[H])(-[H])-[H])(-[H])-[H])-[H])-[H])(-[H])-[H])(-[H])-[H])-[H])-[H])(-[H])-[H])(-[H])-[H])(-[H])-[H])(-[H])-[H])(-[H])-[H])(-[H])-[H])(-[H])(-[H])-[H],[#8]=[#6]1-[#8]-[#6](-[#6](-[#6](-[#8]-[#6](-[#6](-[#8]-[H])(-[#6](-[#8]-[#6](-[#6]2(-[#6](-[#8]-[#6](=[#8])-[#8]-2)(-[H])-[H])-[H])(-[H])-[H])(-[#6](-[#8]-[#6](-[#6]2(-[#6](-[#8]-[#6](=[#8])-[#8]-2)(-[H])-[H])-[H])(-[H])-[H])(-[#6](-[#8]-[H])(-[#6](-[#8]-[#6](-[#6]2(-[#6](-[#8]-[#6](=[#8])-[#8]-2)(-[H])-[H])-[H])(-[H])-[H])(-[H])-[H])-[H])-[H])-[H])-[H])(-[H])-[H])(-[H])-[H])(-[#8]-1)-[H])(-[H])-[H],,
36,NIPU,[#7](-[#6](-[#6]1:[#6](:[#6](:[#6](:[#6](-[#6](-[#7](-[H])-[H])(-[H])-[H]):[#6]:1-[H])-[H])-[H])-[H])(-[H])-[H])(-[H])-[H],[#8]=[#6]1-[#8]-[#6](-[#6](-[#6](-[#8]-[#6](-[#6](-[#6](-[#6](-[#6](-[#6](-[#8]-[#6](-[#6]2(-[#6](-[#8]-[#6](=[#8])-[#8]-2)(-[H])-[H])-[H])(-[H])-[H])(-[H])-[H])(-[H])-[H])(-[H])-[H])(-[H])-[H])(-[H])-[H])(-[H])-[H])(-[H])-[H])(-[#8]-1)-[H])(-[H])-[H],,
37,NIPU,[#7](-[#6](-[#6]1:[#6](:[#6](:[#6](:[#6](-[#6](-[#7](-[H])-[H])(-[H])-[H]):[#6]:1-[H])-[H])-[H])-[H])(-[H])-[H])(-[H])-[H],[#6](-[#6](-[#6]1(-[#8]-[#6](=[#8])-[#8]-[#6]-1(-[#6](-[#6]1(-[#8]-[#6](=[#8])-[#8]-[#6]-1(-[#6](-[#6]1(-[#8]-[#6](=[#8])-[#8]-[#6]-1(-[#6](-[#6](-[#6](-[#6](-[#6](-[#6](-[#6](-[#6](=[#8])-[#8]-[#6](-[H])(-[H])-[H])(-[H])-[H])(-[H])-[H])(-[H])-[H])(-[H])-[H])(-[H])-[H])(-[H])-[H])(-[H])-[H])-[H])-[H])(-[H])-[H])-[H])-[H])(-[H])-[H])-[H])-[H])(-[H])-[H])(-[H])(-[H])-[H],,
38,NIPU,[#6](-[#6](-[#6](-[#6](-[#6](-[#6](-[#6](-[#6]1(-[#6](-[#6](-[#6](-[#6](-[#6](-[#6](-[H])(-[H])-[H])(-[H])-[H])(-[H])-[H])(-[H])-[H])(-[H])-[H])(-[#6](-[#6](-[#6](-[#6](-[#6](-[#6](-[#6](-[#6](-[#6](-[#6](-[#6](-[#6](=[#8])-[#7](-[#6](-[#6](-[#7](-[H])-[H])(-[H])-[H])(-[H])-[H])-[H])(-[H])-[H])(-[H])-[H])(-[H])-[H])(-[H])-[H])(-[H])-[H])(-[H])-[H])(-[H])-[H])(-[H])-[H])(-[#6]-1(-[#6](-[#6](-[#6](-[#6](-[#6](-[#6](-[#6](-[#6](-[#6](=[#8])-[#7](-[#6](-[#6](-[#7](-[H])-[H])(-[H])-[H])(-[H])-[H])-[H])(-[H])-[H])(-[H])-[H])(-[H])-[H])(-[H])-[H])(-[H])-[H])(-[H])-[H])(-[H])-[H])(-[H])-[H])-[H])-[H])(-[H])-[H])(-[H])-[H])-[H])-[H])(-[H])-[H])(-[H])-[H])(-[H])-[H])(-[H])-[H])(-[H])-[H])(-[H])-[H])(-[H])(-[H])-[H],[#6](-[#6](-[#6]1(-[#8]-[#6](=[#8])-[#8]-[#6]-1(-[#6](-[#6]1(-[#8]-[#6](=[#8])-[#8]-[#6]-1(-[#6](-[#6]1(-[#8]-[#6](=[#8])-[#8]-[#6]-1(-[#6](-[#6](-[#6](-[#6](-[#6](-[#6](-[#6](-[#6](=[#8])-[#8]-[#6](-[H])(-[H])-[H])(-[H])-[H])(-[H])-[H])(-[H])-[H])(-[H])-[H])(-[H])-[H])(-[H])-[H])(-[H])-[H])-[H])-[H])(-[H])-[H])-[H])-[H])(-[H])-[H])-[H])-[H])(-[H])-[H])(-[H])(-[H])-[H],,
39,NIPU,[#7](-[#6](-[#6](-[#6](-[#7](-[#6](-[#6](-[#6](-[#7](-[H])-[H])(-[H])-[H])(-[H])-[H])(-[H])-[H])-[H])(-[H])-[H])(-[H])-[H])(-[H])-[H])(-[H])-[H],[#6](-[#6](-[#6]1(-[#8]-[#6](=[#8])-[#8]-[#6]-1(-[#6](-[#6]1(-[#8]-[#6](=[#8])-[#8]-[#6]-1(-[#6](-[#6]1(-[#8]-[#6](=[#8])-[#8]-[#6]-1(-[#6](-[#6](-[#6](-[#6](-[#6](-[#6](-[#6](-[#6](=[#8])-[#8]-[#6](-[H])(-[H])-[H])(-[H])-[H])(-[H])-[H])(-[H])-[H])(-[H])-[H])(-[H])-[H])(-[H])-[H])(-[H])-[H])-[H])-[H])(-[H])-[H])-[H])-[H])(-[H])-[H])-[H])-[H])(-[H])-[H])(-[H])(-[H])-[H],,
40,NIPU,[#7](-[#6](-[#6](-[#6](-[#6](-[#6](-[#6](-[#6](-[#6](-[#6](-[#6](-[#6](-[#6](-[#7](-[H])-[H])(-[H])-[H])(-[H])-[H])(-[H])-[H])(-[H])-[H])(-[H])-[H])(-[H])-[H])(-[H])-[H])(-[H])-[H])(-[H])-[H])(-[H])-[H])(-[H])-[H])(-[H])-[H])(-[H])-[H],[#6](-[#6](-[#6](-[H])(-[H])-[H])(-[#6]1:[#6](:[#6](:[#6](-[#8]-[#6](-[#6]2(-[#6](-[#8]-[#6](=[#8])-[#8]-2)(-[H])-[H])-[H])(-[H])-[H]):[#6](:[#6]:1-[H])-[H])-[H])-[H])-[#6]1:[#6](:[#6](:[#6](-[#8]-[#6](-[#6]2(-[#6](-[#8]-[#6](=[#8])-[#8]-2)(-[H])-[H])-[H])(-[H])-[H]):[#6](:[#6]:1-[H])-[H])-[H])-[H])(-[H])(-[H])-[H],,
41,NIPU,[#7](-[#6](-[#6]1:[#6](:[#6](:[#6](:[#6](-[#6](-[#7](-[H])-[H])(-[H])-[H]):[#6]:1-[H])-[H])-[H])-[H])(-[H])-[H])(-[H])-[H],[#6](-[#6](-[#6](-[#6](-[#6](-[#6](-[#6]1(-[#6](-[#6](-[#6](-[#6](-[#6](-[#6](-[#6](-[#6](-[#6](-[#6](-[#6](-[#6](-[#8]-[#6](=[#8])-[#6](-[#6](-[#6](-[#6](-[#6](-[#6](-[#6](-[#6]2(-[#8]-[#6](=[#8])-[#8]-[#6]-2(-[#6](-[#6]2(-[#8]-[#6](=[#8])-[#8]-[#6]-2(-[#6](-[#6]2(-[#8]-[#6](=[#8])-[#8]-[#6]-2(-[#6](-[#6](-[H])(-[H])-[H])(-[H])-[H])-[H])-[H])(-[H])-[H])-[H])-[H])(-[H])-[H])-[H])-[H])(-[H])-[H])(-[H])-[H])(-[H])-[H])(-[H])-[H])(-[H])-[H])(-[H])-[H])(-[H])-[H])(-[H])-[H])(-[H])-[H])(-[H])-[H])(-[H])-[H])(-[H])-[H])(-[H])-[H])(-[H])-[H])(-[H])-[H])(-[H])-[H])(-[#6](-[#6](-[#6](-[#6](-[#6](-[#6](-[#6](-[#6](-[#6](-[#6](-[#6](-[#6](-[#8]-[#6](=[#8])-[#6](-[#6](-[#6](-[#6](-[#6](-[#6](-[#6](-[#6]2(-[#8]-[#6](=[#8])-[#8]-[#6]-2(-[#6](-[#6]2(-[#8]-[#6](=[#8])-[#8]-[#6]-2(-[#6](-[#6]2(-[#8]-[#6](=[#8])-[#8]-[#6]-2(-[#6](-[#6](-[H])(-[H])-[H])(-[H])-[H])-[H])-[H])(-[H])-[H])-[H])-[H])(-[H])-[H])-[H])-[H])(-[H])-[H])(-[H])-[H])(-[H])-[H])(-[H])-[H])(-[H])-[H])(-[H])-[H])(-[H])-[H])(-[H])-[H])(-[H])-[H])(-[H])-[H])(-[H])-[H])(-[H])-[H])(-[H])-[H])(-[H])-[H])(-[H])-[H])(-[H])-[H])(-[H])-[H])(-[H])-[H])(-[#6]-1(-[#6](-[#6](-[#6](-[#6](-[#6](-[#6](-[H])(-[H])-[H])(-[H])-[H])(-[H])-[H])(-[H])-[H])(-[H])-[H])(-[H])-[H])-[H])-[H])-[H])(-[H])-[H])(-[H])-[H])-[H])(-[H])-[H])(-[H])-[H])(-[H])-[H])(-[H])-[H])(-[H])-[H])(-[H])(-[H])-[H],,
42,NIPU,[#7](-[#6](-[#6](-[#7](-[#6](-[#6](-[#7](-[H])-[H])(-[H])-[H])(-[H])-[H])-[#6](-[#6](-[#7](-[H])-[H])(-[H])-[H])(-[H])-[H])(-[H])-[H])(-[H])-[H])(-[H])-[H],[#6](-[#6](-[#6](-[#6](-[#6](-[#6](-[#6](-[#6](-[#6](-[#6](-[#6](-[#6](-[#6](-[#6](-[#6](-[#6]1:[#6](:[#6](:[#6](:[#6](-[#8]-[#6](-[#6]2(-[#6](-[#8]-[#6](=[#8])-[#8]-2)(-[H])-[H])-[H])(-[H])-[H]):[#6]:1-[H])-[H])-[H])-[H])(-[H])-[H])(-[H])-[H])(-[H])-[H])(-[H])-[H])(-[H])-[H])(-[H])-[H])(-[H])-[H])(-[#6]1:[#6](:[#6](:[#6](-[#8]-[#6](-[#6]2(-[#6](-[#8]-[#6](=[#8])-[#8]-2)(-[H])-[H])-[H])(-[H])-[H]):[#6](:[#6]:1-[H])-[H])-[H])-[H])-[H])(-[H])-[H])(-[H])-[H])(-[H])-[H])(-[H])-[H])(-[H])-[H])(-[H])-[H])(-[H])(-[H])-[H],,
43,NIPU,[#7](-[#6](-[#6]1:[#6](:[#6](:[#6](:[#6](-[#6](-[#7](-[H])-[H])(-[H])-[H]):[#6]:1-[H])-[H])-[H])-[H])(-[H])-[H])(-[H])-[H],[#6](-[#6](-[#6]1(-[#8]-[#6](=[#8])-[#8]-[#6]-1(-[#6](-[#6]1(-[#8]-[#6](=[#8])-[#8]-[#6]-1(-[#6](-[#6]1(-[#8]-[#6](=[#8])-[#8]-[#6]-1(-[#6](-[#6](-[#6](-[#6](-[#6](-[#6](-[#6](-[#6](=[#8])-[#8]-[#6](-[#6](-[#6](-[#6](-[#8]-[#6](-[#6](-[#6](-[#6](-[#8]-[#6](-[#6](-[#6](-[#6](-[#8]-[#6](-[#6](-[#6](-[#6](-[#8]-[#6](-[#6](-[#6](-[#6](-[#8]-[#6](-[#6](-[#6](-[#6](-[#8]-[#6](-[#6](-[#6](-[#6](-[#8]-[#6](=[#8])-[#6](-[#6](-[#6](-[#6](-[#6](-[#6](-[#6](-[#6]1(-[#8]-[#6](=[#8])-[#8]-[#6]-1(-[#6](-[#6]1(-[#8]-[#6](=[#8])-[#8]-[#6]-1(-[#6](-[#6]1(-[#8]-[#6](=[#8])-[#8]-[#6]-1(-[#6](-[#6](-[H])(-[H])-[H])(-[H])-[H])-[H])-[H])(-[H])-[H])-[H])-[H])(-[H])-[H])-[H])-[H])(-[H])-[H])(-[H])-[H])(-[H])-[H])(-[H])-[H])(-[H])-[H])(-[H])-[H])(-[H])-[H])(-[H])-[H])(-[H])-[H])(-[H])-[H])(-[H])-[H])(-[H])-[H])(-[H])-[H])(-[H])-[H])(-[H])-[H])(-[H])-[H])(-[H])-[H])(-[H])-[H])(-[H])-[H])(-[H])-[H])(-[H])-[H])(-[H])-[H])(-[H])-[H])(-[H])-[H])(-[H])-[H])(-[H])-[H])(-[H])-[H])(-[H])-[H])(-[H])-[H])(-[H])-[H])(-[H])-[H])(-[H])-[H])(-[H])-[H])(-[H])-[H])(-[H])-[H])(-[H])-[H])(-[H])-[H])(-[H])-[H])(-[H])-[H])(-[H])-[H])(-[H])-[H])(-[H])-[H])-[H])-[H])(-[H])-[H])-[H])-[H])(-[H])-[H])-[H])-[H])(-[H])-[H])(-[H])(-[H])-[H],,
44,NIPU,[#6](-[#6](-[#6](-[#6](-[#6](-[#6](-[#6](-[#6]1(-[#6](-[#6](-[#6](-[#6](-[#6](-[#6](-[H])(-[H])-[H])(-[H])-[H])(-[H])-[H])(-[H])-[H])(-[H])-[H])(-[#6](-[#6](-[#6](-[#6](-[#6](-[#6](-[#6](-[#6](-[#6](-[#6](-[#6](-[#6](=[#8])-[#7](-[#6](-[#6](-[#6](-[#6](-[#6](-[#6](-[#7](-[H])-[H])(-[H])-[H])(-[H])-[H])(-[H])-[H])(-[H])-[H])(-[H])-[H])(-[H])-[H])-[H])(-[H])-[H])(-[H])-[H])(-[H])-[H])(-[H])-[H])(-[H])-[H])(-[H])-[H])(-[H])-[H])(-[H])-[H])(-[#6]-1(-[#6](-[#6](-[#6](-[#6](-[#6](-[#6](-[#6](-[#6](-[#6](=[#8])-[#7](-[#6](-[#6](-[#6](-[#6](-[#6](-[#6](-[#6](-[#7](-[H])-[H])(-[H])-[H])(-[H])-[H])(-[H])-[H])(-[H])-[H])(-[H])-[H])(-[H])-[H])(-[H])-[H])-[H])(-[H])-[H])(-[H])-[H])(-[H])-[H])(-[H])-[H])(-[H])-[H])(-[H])-[H])(-[H])-[H])(-[H])-[H])-[H])-[H])(-[H])-[H])(-[H])-[H])-[H])-[H])(-[H])-[H])(-[H])-[H])(-[H])-[H])(-[H])-[H])(-[H])-[H])(-[H])-[H])(-[H])(-[H])-[H],[#6](-[#6](-[#6]1(-[#8]-[#6](=[#8])-[#8]-[#6]-1(-[#6](-[#6]1(-[#8]-[#6](=[#8])-[#8]-[#6]-1(-[#6](-[#6]1(-[#8]-[#6](=[#8])-[#8]-[#6]-1(-[#6](-[#6](-[#6](-[#6](-[#6](-[#6](-[#6](-[#6](=[#8])-[#8]-[#6](-[H])(-[H])-[H])(-[H])-[H])(-[H])-[H])(-[H])-[H])(-[H])-[H])(-[H])-[H])(-[H])-[H])(-[H])-[H])-[H])-[H])(-[H])-[H])-[H])-[H])(-[H])-[H])-[H])-[H])(-[H])-[H])(-[H])(-[H])-[H],,
45,NIPU,[#7](-[#6](-[#6](-[#6](-[#6](-[#6](-[#6](-[#7](-[H])-[H])(-[H])-[H])(-[H])-[H])(-[H])-[H])(-[H])-[H])(-[H])-[H])(-[H])-[H])(-[H])-[H],[#8]=[#6]1-[#8]-[#6](-[#6](-[#6](-[#8]-[#6]2:[#6](:[#6](:[#6](-[#8]-[#6](-[#6]3(-[#6](-[#8]-[#6](=[#8])-[#8]-3)(-[H])-[H])-[H])(-[H])-[H]):[#6](:[#6]:2-[H])-[H])-[H])-[H])(-[H])-[H])(-[#8]-1)-[H])(-[H])-[H],,
46,NIPU,[#6](-[#6](-[#6](-[#6](-[#6](-[#6](-[#6]1(-[#6](-[#6](-[#6](-[#6](-[#6](-[#6](-[#6](-[#6](-[#6](-[#6](-[#6](-[#7](-[H])-[H])(-[H])-[H])(-[H])-[H])(-[H])-[H])(-[H])-[H])(-[H])-[H])(-[H])-[H])(-[H])-[H])(-[H])-[H])(-[#6](-[#6](-[#6](-[#6](-[#6](-[#6](-[#6](-[#6](-[#6](-[#6](-[#6](-[#7](-[H])-[H])(-[H])-[H])(-[H])-[H])(-[H])-[H])(-[H])-[H])(-[H])-[H])(-[H])-[H])(-[H])-[H])(-[H])-[H])(-[H])-[H])(-[H])-[H])(-[#6]-1(-[#6](-[#6](-[#6](-[#6](-[#6](-[#6](-[H])(-[H])-[H])(-[H])-[H])(-[H])-[H])(-[H])-[H])(-[H])-[H])(-[H])-[H])-[H])-[H])-[H])(-[H])-[H])(-[H])-[H])-[H])(-[H])-[H])(-[H])-[H])(-[H])-[H])(-[H])-[H])(-[H])-[H])(-[H])(-[H])-[H],[#6](-[#6](-[#6]1(-[#8]-[#6](=[#8])-[#8]-[#6]-1(-[#6](-[#6]1(-[#8]-[#6](=[#8])-[#8]-[#6]-1(-[#6](-[#6]1(-[#8]-[#6](=[#8])-[#8]-[#6]-1(-[#6](-[#6](-[#6](-[#6](-[#6](-[#6](-[#6](-[#6](=[#8])-[#8]-[#6](-[H])(-[H])-[H])(-[H])-[H])(-[H])-[H])(-[H])-[H])(-[H])-[H])(-[H])-[H])(-[H])-[H])(-[H])-[H])-[H])-[H])(-[H])-[H])-[H])-[H])(-[H])-[H])-[H])-[H])(-[H])-[H])(-[H])(-[H])-[H],,
47,NIPU,[#6](-[#6](-[#6](-[#6](-[#6](-[#6](-[#6](-[#6]1(-[#6](-[#6](-[#6](-[#6](-[#6](-[#6](-[H])(-[H])-[H])(-[H])-[H])(-[H])-[H])(-[H])-[H])(-[H])-[H])(-[#6](-[#6](-[#6](-[#6](-[#6](-[#6](-[#6](-[#6](-[#6](-[#6](-[#6](-[#6](=[#8])-[#7](-[#6](-[#6](-[#6](-[#6](-[#7](-[#6](=[#8])-[#6](-[#6](-[#6](-[#6](-[#6](-[#6](-[#6](-[#6](-[#6]2(-[#6](-[#6](-[#6](-[#6](-[#6](-[#6](-[#6](-[#6](-[H])(-[H])-[H])(-[H])-[H])(-[H])-[H])(-[H])-[H])(-[H])-[H])(-[#6](-[#6](-[#6](-[#6](-[#6](-[#6](-[#6](-[#6](-[H])(-[H])-[H])(-[H])-[H])(-[H])-[H])(-[H])-[H])(-[H])-[H])(-[H])-[H])(-[H])-[H])(-[#6]-2(-[#6](-[#6](-[#6](-[#6](-[#6](-[#6](-[#6](-[#6](-[#6](=[#8])-[#7](-[#6](-[#6](-[#6](-[#6](-[#7](-[#6](=[#8])-[#6](-[#6](-[#6](-[#6](-[#6](-[#6](-[#6](-[#6](-[#6]2(-[#6](-[#6](-[#6](-[#6](-[#6](-[#6](-[#6](-[#6](-[#6](-[#6](=[#8])-[#7](-[#6](-[#6](-[#6](-[#6](-[#7](-[H])-[H])(-[H])-[H])(-[H])-[H])(-[H])-[H])(-[H])-[H])-[H])(-[H])-[H])(-[H])-[H])(-[H])-[H])(-[H])-[H])(-[H])-[H])(-[H])-[H])(-[H])-[H])(-[H])-[H])(-[#6](-[#6](-[#6](-[#6](-[#6](-[#6](-[#6](-[#6](-[H])(-[H])-[H])(-[H])-[H])(-[H])-[H])(-[H])-[H])(-[H])-[H])(-[#6]-2(-[#6](-[#6](-[#6](-[#6](-[#6](-[#6](-[#6](-[H])(-[H])-[H])(-[H])-[H])(-[H])-[H])(-[H])-[H])(-[H])-[H])(-[H])-[H])(-[H])-[H])-[H])-[H])(-[H])-[H])(-[H])-[H])-[H])-[H])(-[H])-[H])(-[H])-[H])(-[H])-[H])(-[H])-[H])(-[H])-[H])(-[H])-[H])(-[H])-[H])(-[H])-[H])-[H])(-[H])-[H])(-[H])-[H])(-[H])-[H])(-[H])-[H])-[H])(-[H])-[H])(-[H])-[H])(-[H])-[H])(-[H])-[H])(-[H])-[H])(-[H])-[H])(-[H])-[H])(-[H])-[H])-[H])-[H])-[H])(-[H])-[H])(-[H])-[H])-[H])(-[H])-[H])(-[H])-[H])(-[H])-[H])(-[H])-[H])(-[H])-[H])(-[H])-[H])(-[H])-[H])(-[H])-[H])-[H])(-[H])-[H])(-[H])-[H])(-[H])-[H])(-[H])-[H])-[H])(-[H])-[H])(-[H])-[H])(-[H])-[H])(-[H])-[H])(-[H])-[H])(-[H])-[H])(-[H])-[H])(-[H])-[H])(-[#6]-1(-[#6](-[#6](-[#6](-[#6](-[#6](-[#6](-[#6](-[#6](-[#6](=[#8])-[#7](-[#6](-[#6](-[#6](-[#6](-[#7](-[H])-[H])(-[H])-[H])(-[H])-[H])(-[H])-[H])(-[H])-[H])-[H])(-[H])-[H])(-[H])-[H])(-[H])-[H])(-[H])-[H])(-[H])-[H])(-[H])-[H])(-[H])-[H])(-[H])-[H])-[H])-[H])(-[H])-[H])(-[H])-[H])-[H])-[H])(-[H])-[H])(-[H])-[H])(-[H])-[H])(-[H])-[H])(-[H])-[H])(-[H])-[H])(-[H])(-[H])-[H],[#6](-[#6](-[#6](-[#6](-[#6](-[#6](-[#6](-[#6](-[#6]1(-[#8]-[#6](=[#8])-[#8]-[#6]-1(-[#6](-[#6](-[#6](-[#6](-[#6](-[#6](-[#6](-[#6](=[#8])-[#8]-[#6](-[#6](-[#6](-[#8]-[#6](=[#8])-[#6](-[#6](-[#6](-[#6](-[#6](-[#6](-[#6](-[#6]1(-[#8]-[#6](=[#8])-[#8]-[#6]-1(-[#6](-[#6]1(-[#8]-[#6](=[#8])-[#8]-[#6]-1(-[#6](-[#6]1(-[#8]-[#6](=[#8])-[#8]-[#6]-1(-[#6](-[#6](-[H])(-[H])-[H])(-[H])-[H])-[H])-[H])(-[H])-[H])-[H])-[H])(-[H])-[H])-[H])-[H])(-[H])-[H])(-[H])-[H])(-[H])-[H])(-[H])-[H])(-[H])-[H])(-[H])-[H])(-[H])-[H])(-[H])-[H])(-[#6](-[#8]-[#6](=[#8])-[#6](-[#6](-[#6](-[#6](-[#6](-[#6](-[#6](-[#6]1(-[#8]-[#6](=[#8])-[#8]-[#6]-1(-[#6](-[#6]1(-[#8]-[#6](=[#8])-[#8]-[#6]-1(-[#6](-[#6]1(-[#8]-[#6](=[#8])-[#8]-[#6]-1(-[#6](-[#6](-[H])(-[H])-[H])(-[H])-[H])-[H])-[H])(-[H])-[H])-[H])-[H])(-[H])-[H])-[H])-[H])(-[H])-[H])(-[H])-[H])(-[H])-[H])(-[H])-[H])(-[H])-[H])(-[H])-[H])(-[H])-[H])(-[H])-[H])-[H])(-[H])-[H])(-[H])-[H])(-[H])-[H])(-[H])-[H])(-[H])-[H])(-[H])-[H])(-[H])-[H])(-[H])-[H])-[H])-[H])(-[H])-[H])(-[H])-[H])(-[H])-[H])(-[H])-[H])(-[H])-[H])(-[H])-[H])(-[H])-[H])(-[H])(-[H])-[H],,
48,NIPU,[#7](-[#6](-[#6]1:[#6](:[#6](:[#6](:[#6](-[#6](-[#7](-[H])-[H])(-[H])-[H]):[#6]:1-[H])-[H])-[H])-[H])(-[H])-[H])(-[H])-[H],[#6](-[#6](-[#6]1(-[#8]-[#6](=[#8])-[#8]-[#6]-1(-[#6](-[#6]1(-[#8]-[#6](=[#8])-[#8]-[#6]-1(-[#6](-[#6]1(-[#8]-[#6](=[#8])-[#8]-[#6]-1(-[#6](-[#6](-[#6](-[#6](-[#6](-[#6](-[#6](-[#6](=[#8])-[#8]-[#6](-[#6](-[#8]-[#6](-[#6](-[#8]-[#6](-[#6](-[#8]-[#6](-[#6](-[#8]-[#6](-[#6](-[#8]-[#6](-[#6](-[#8]-[#6](-[#6](-[#8]-[#6](-[#6](-[#8]-[#6](-[#6](-[#8]-[#6](-[#6](-[#8]-[#6](-[#6](-[#8]-[#6](-[#6](-[#8]-[#6](-[#6](-[#8]-[#6](-[#6](-[#8]-[#6](-[#6](-[#8]-[#6](-[#6](-[#8]-[#6](-[#6](-[#8]-[#6](-[#6](-[#8]-[#6](-[#6](-[#8]-[#6](-[#6](-[#8]-[#6](-[#6](-[#8]-[#6](-[#6](-[#8]-[#6](-[#6](-[#8]-[#6](-[#6](-[#8]-[#6](-[#6](-[#8]-[#6](-[#6](-[#8]-[#6](-[#6](-[#8]-[#6](-[#6](-[#8]-[#6](-[#6](-[#8]-[#6](-[#6](-[#8]-[#6](-[#6](-[#8]-[#6](-[#6](-[#8]-[#6](=[#8])-[#6](-[#6](-[#6](-[#6](-[#6](-[#6](-[#6](-[#6]1(-[#8]-[#6](=[#8])-[#8]-[#6]-1(-[#6](-[#6]1(-[#8]-[#6](=[#8])-[#8]-[#6]-1(-[#6](-[#6]1(-[#8]-[#6](=[#8])-[#8]-[#6]-1(-[#6](-[#6](-[H])(-[H])-[H])(-[H])-[H])-[H])-[H])(-[H])-[H])-[H])-[H])(-[H])-[H])-[H])-[H])(-[H])-[H])(-[H])-[H])(-[H])-[H])(-[H])-[H])(-[H])-[H])(-[H])-[H])(-[H])-[H])(-[H])-[H])(-[H])-[H])(-[H])-[H])(-[H])-[H])(-[H])-[H])(-[H])-[H])(-[H])-[H])(-[H])-[H])(-[H])-[H])(-[H])-[H])(-[H])-[H])(-[H])-[H])(-[H])-[H])(-[H])-[H])(-[H])-[H])(-[H])-[H])(-[H])-[H])(-[H])-[H])(-[H])-[H])(-[H])-[H])(-[H])-[H])(-[H])-[H])(-[H])-[H])(-[H])-[H])(-[H])-[H])(-[H])-[H])(-[H])-[H])(-[H])-[H])(-[H])-[H])(-[H])-[H])(-[H])-[H])(-[H])-[H])(-[H])-[H])(-[H])-[H])(-[H])-[H])(-[H])-[H])(-[H])-[H])(-[H])-[H])(-[H])-[H])(-[H])-[H])(-[H])-[H])(-[H])-[H])(-[H])-[H])(-[H])-[H])(-[H])-[H])(-[H])-[H])(-[H])-[H])(-[H])-[H])(-[H])-[H])(-[H])-[H])(-[H])-[H])(-[H])-[H])(-[H])-[H])(-[H])-[H])(-[H])-[H])(-[H])-[H])(-[H])-[H])(-[H])-[H])(-[H])-[H])(-[H])-[H])(-[H])-[H])(-[H])-[H])(-[H])-[H])(-[H])-[H])(-[H])-[H])(-[H])-[H])(-[H])-[H])(-[H])-[H])(-[H])-[H])(-[H])-[H])(-[H])-[H])-[H])-[H])(-[H])-[H])-[H])-[H])(-[H])-[H])-[H])-[H])(-[H])-[H])(-[H])(-[H])-[H],,
49,NIPU,[#7](-[#6](-[#6](-[#8]-[#6](-[#6](-[#8]-[#6](-[#6](-[#7](-[H])-[H])(-[H])-[H])(-[H])-[H])(-[H])-[H])(-[H])-[H])(-[H])-[H])(-[H])-[H])(-[H])-[H],[#8]=[#6]1-[#8]-[#6](-[#6](-[#6](-[#8]-[#6]2:[#6](:[#6](:[#6](:[#6](-[#8]-[#6](-[#6]3(-[#6](-[#8]-[#6](=[#8])-[#8]-3)(-[H])-[H])-[H])(-[H])-[H]):[#6]:2-[H])-[H])-[H])-[H])(-[H])-[H])(-[#8]-1)-[H])(-[H])-[H],,
50,NIPU,[#7](-[#6](-[#6](-[#8]-[#6](-[#6](-[#8]-[#6](-[#6](-[#7](-[H])-[H])(-[H])-[H])(-[H])-[H])(-[H])-[H])(-[H])-[H])(-[H])-[H])(-[H])-[H])(-[H])-[H],[#6](-[#6](-[#6]1(-[#8]-[#6](=[#8])-[#8]-[#6]-1(-[#6](-[#6]1(-[#8]-[#6](=[#8])-[#8]-[#6]-1(-[#6](-[#6]1(-[#8]-[#6](=[#8])-[#8]-[#6]-1(-[#6](-[#6](-[#6](-[#6](-[#6](-[#6](-[#6](-[#6](=[#8])-[#8]-[#6](-[#6](-[#8]-[#6](-[#6](-[#8]-[#6](-[#6](-[#8]-[#6](-[#6](-[#8]-[#6](-[#6](-[#8]-[#6](-[#6](-[#8]-[#6](-[#6](-[#8]-[#6](-[#6](-[#8]-[#6](-[#6](-[#8]-[#6](-[#6](-[#8]-[#6](-[#6](-[#8]-[#6](-[#6](-[#8]-[#6](-[#6](-[#8]-[#6](-[#6](-[#8]-[#6](-[#6](-[#8]-[#6](-[#6](-[#8]-[#6](-[#6](-[#8]-[#6](-[#6](-[#8]-[#6](-[#6](-[#8]-[#6](-[#6](-[#8]-[#6](-[#6](-[#8]-[#6](-[#6](-[#8]-[#6](-[#6](-[#8]-[#6](-[#6](-[#8]-[#6](-[#6](-[#8]-[#6](-[#6](-[#8]-[#6](-[#6](-[#8]-[#6](-[#6](-[#8]-[#6](-[#6](-[#8]-[#6](-[#6](-[#8]-[#6](-[#6](-[#8]-[#6](-[#6](-[#8]-[#6](=[#8])-[#6](-[#6](-[#6](-[#6](-[#6](-[#6](-[#6](-[#6]1(-[#8]-[#6](=[#8])-[#8]-[#6]-1(-[#6](-[#6]1(-[#8]-[#6](=[#8])-[#8]-[#6]-1(-[#6](-[#6]1(-[#8]-[#6](=[#8])-[#8]-[#6]-1(-[#6](-[#6](-[H])(-[H])-[H])(-[H])-[H])-[H])-[H])(-[H])-[H])-[H])-[H])(-[H])-[H])-[H])-[H])(-[H])-[H])(-[H])-[H])(-[H])-[H])(-[H])-[H])(-[H])-[H])(-[H])-[H])(-[H])-[H])(-[H])-[H])(-[H])-[H])(-[H])-[H])(-[H])-[H])(-[H])-[H])(-[H])-[H])(-[H])-[H])(-[H])-[H])(-[H])-[H])(-[H])-[H])(-[H])-[H])(-[H])-[H])(-[H])-[H])(-[H])-[H])(-[H])-[H])(-[H])-[H])(-[H])-[H])(-[H])-[H])(-[H])-[H])(-[H])-[H])(-[H])-[H])(-[H])-[H])(-[H])-[H])(-[H])-[H])(-[H])-[H])(-[H])-[H])(-[H])-[H])(-[H])-[H])(-[H])-[H])(-[H])-[H])(-[H])-[H])(-[H])-[H])(-[H])-[H])(-[H])-[H])(-[H])-[H])(-[H])-[H])(-[H])-[H])(-[H])-[H])(-[H])-[H])(-[H])-[H])(-[H])-[H])(-[H])-[H])(-[H])-[H])(-[H])-[H])(-[H])-[H])(-[H])-[H])(-[H])-[H])(-[H])-[H])(-[H])-[H])(-[H])-[H])(-[H])-[H])(-[H])-[H])(-[H])-[H])(-[H])-[H])(-[H])-[H])(-[H])-[H])(-[H])-[H])(-[H])-[H])(-[H])-[H])(-[H])-[H])(-[H])-[H])(-[H])-[H])(-[H])-[H])(-[H])-[H])(-[H])-[H])(-[H])-[H])(-[H])-[H])(-[H])-[H])(-[H])-[H])(-[H])-[H])(-[H])-[H])-[H])-[H])(-[H])-[H])-[H])-[H])(-[H])-[H])-[H])-[H])(-[H])-[H])(-[H])(-[H])-[H],,
51,urethane,,,[#8](-[#6](-[#6](-[#8]-[#6]1:[#6](:[#6](:[#6](-[#6](-[#6]2:[#6](:[#6](:[#6](-[#8]-[#6](-[#6](-[#8]-[H])(-[H])-[H])(-[H])-[H]):[#6](:[#6]:2-[H])-[H])-[H])-[H])(-[#6](-[#9])(-[#9])-[#9])-[#6](-[#9])(-[#9])-[#9]):[#6](:[#6]:1-[H])-[H])-[H])-[H])(-[H])-[H])(-[H])-[H])-[H],[#8]=[#6]=[#7]-[#6]1:[#6](:[#6](:[#6]2:[#6](:[#6]:1-[H])-[#6](=[#8])-[#7](-[#6]1:[#6](:[#6](:[#6](-[#15](=[#8])(-[#6]3:[#6](:[#6](:[#6](:[#6](:[#6]:3-[H])-[H])-[H])-[H])-[H])-[#6]3:[#6](:[#6](:[#6](-[#7]4-[#6](=[#8])-[#6]5:[#6](:[#6](:[#6](-[#7]=[#6]=[#8]):[#6](:[#6]:5-[#6]-4=[#8])-[H])-[H])-[H]):[#6](:[#6]:3-[H])-[H])-[H])-[H]):[#6](:[#6]:1-[H])-[H])-[H])-[H])-[#6]-2=[#8])-[H])-[H]
52,urethane,,,[#6](-[#7](-[#6](-[H])(-[H])-[H])-[#6](-[#6](-[#6](-[H])(-[H])-[H])(-[#6](-[#8]-[H])(-[H])-[H])-[#6](-[#8]-[H])(-[H])-[H])(-[H])-[H])(-[H])(-[H])-[H],[#8]=[#6]=[#7]-[#6]1:[#6](:[#6](:[#6](-[#6](-[#6]2:[#6](:[#6](:[#6](-[#7]=[#6]=[#8]):[#6](:[#6]:2-[H])-[H])-[H])-[H])(-[H])-[H]):[#6](:[#6]:1-[H])-[H])-[H])-[H]
53,urethane,,,[#6](-[#6](-[#6](-[#6](-[#6](-[#6](-[#6](-[#8]-[H])(-[#6](-[#6](=[#6](-[#6](-[#6](-[#6](-[#6](-[#6](-[#6](-[#6](-[#6](-[#8]-[H])(-[H])-[H])(-[H])-[H])(-[H])-[H])(-[H])-[H])(-[H])-[H])(-[H])-[H])(-[H])-[H])(-[H])-[H])-[H])-[H])(-[H])-[H])-[H])(-[H])-[H])(-[H])-[H])(-[H])-[H])(-[H])-[H])(-[H])-[H])(-[H])(-[H])-[H],[#8]=[#6]=[#7]-[#6](-[#6](-[#6](-[#6](-[#6](-[#6](-[#6](-[#6](-[#6](-[#6](-[#7]=[#6]=[#8])(-[H])-[H])(-[H])-[H])(-[H])-[H])(-[H])-[H])(-[H])-[H])(-[H])-[H])(-[H])-[H])(-[H])-[H])(-[H])-[H])(-[H])-[H]
54,urethane,,,[#8](-[#6](-[#6](-[#6](-[#8]-[H])(-[H])-[H])(-[H])-[H])(-[H])-[H])-[H],[#8]=[#6]=[#7]-[#6](-[#6](-[#6](-[#6](-[#7]=[#6]=[#8])(-[H])-[H])(-[H])-[H])(-[H])-[H])(-[H])-[H]
55,urethane,,,[#8]=[#15](-[#6]1:[#6](:[#6](:[#6](:[#6](:[#6]:1-[H])-[H])-[H])-[H])-[H])(-[#6]1:[#6](:[#6](:[#6](-[#8]-[#6](-[#6](-[#8]-[H])(-[H])-[H])(-[H])-[H]):[#6](:[#6]:1-[H])-[H])-[H])-[H])-[#6]1:[#6](:[#6](:[#6](-[#8]-[#6](-[#6](-[#8]-[H])(-[H])-[H])(-[H])-[H]):[#6](:[#6]:1-[H])-[H])-[H])-[H],[#6](-[#15](=[#8])(-[#6]1:[#6](:[#6](:[#6](-[#7]2-[#6](=[#8])-[#6]3:[#6](:[#6](:[#6](-[#7]=[#6]=[#8]):[#6](:[#6]:3-[#6]-2=[#8])-[H])-[H])-[H]):[#6](:[#6]:1-[H])-[H])-[H])-[H])-[#6]1:[#6](:[#6](:[#6](-[#7]2-[#6](=[#8])-[#6]3:[#6](:[#6](:[#6](-[#7]=[#6]=[#8]):[#6](:[#6]:3-[#6]-2=[#8])-[H])-[H])-[H]):[#6](:[#6]:1-[H])-[H])-[H])-[H])(-[H])(-[H])-[H]
56,urethane,,,[#8](-[#6](-[#6]1(-[#6](-[#6]2(-[#6]3(-[#6](-[#6](-[#6](-[#8]-[H])(-[H])-[H])(-[#6](-[#6]-3(-[H])-[H])(-[#6]-2(-[#6]-1(-[H])-[H])-[H])-[H])-[H])(-[H])-[H])-[H])-[H])(-[H])-[H])-[H])(-[H])-[H])-[H],[#8]=[#6]=[#7]-[#6](-[#6](-[#6](-[#6](-[#6](-[#6](-[#7]=[#6]=[#8])(-[H])-[H])(-[H])-[H])(-[H])-[H])(-[H])-[H])(-[H])-[H])(-[H])-[H]
57,urethane,,,[#8](-[#6]1:[#6](:[#6](:[#6](-[#7]=[#6](-[#6]2:[#6](:[#6](:[#6](-[#6](=[#7]-[#6]3:[#6](:[#6](:[#6](-[#8]-[H]):[#6](:[#6]:3-[H])-[H])-[H])-[H])-[H]):[#6](:[#6]:2-[H])-[H])-[H])-[H])-[H]):[#6](:[#6]:1-[H])-[H])-[H])-[H])-[H],[#6](-[#6]1(-[#6](-[H])(-[H])-[H])-[#6](-[#6](-[#7]=[#6]=[#8])(-[#6](-[#6](-[#6](-[H])(-[H])-[H])(-[#6](-[#7]=[#6]=[#8])(-[H])-[H])-[#6]-1(-[H])-[H])(-[H])-[H])-[H])(-[H])-[H])(-[H])(-[H])-[H]
58,urethane,,,[#8](-[#6]1(-[#6](-[#8]-[#6]2(-[#6](-[#8]-[H])(-[#6](-[#8]-[#6]-1-2-[H])(-[H])-[H])-[H])-[H])(-[H])-[H])-[H])-[H],[#8]=[#6]=[#7]-[#6](-[#6](-[#6](-[#6](-[#6](-[#6](-[#7]=[#6]=[#8])(-[H])-[H])(-[H])-[H])(-[H])-[H])(-[H])-[H])(-[H])-[H])(-[H])-[H]
59,urethane,,,[#8](-[#6](-[#6](-[#6](-[#6](-[#6](-[#6](-[#6](-[#6](-[#6](-[#6](-[#8]-[H])(-[H])-[H])(-[H])-[H])(-[H])-[H])(-[H])-[H])(-[H])-[H])(-[H])-[H])(-[H])-[H])(-[H])-[H])(-[H])-[H])(-[H])-[H])-[H],[#8]=[#6]=[#7]-[#6](-[#6](-[#6](-[#6](-[#7]=[#6]=[#8])(-[H])-[H])(-[H])-[H])(-[H])-[H])(-[H])-[H]
60,urethane,,,[#8](-[#6](-[#6](-[#7](-[#6](-[#6](-[#8]-[H])(-[H])-[H])(-[H])-[H])-[#6]1:[#6](:[#6](:[#6](:[#6](:[#6]:1-[H])-[H])-[H])-[H])-[H])(-[H])-[H])(-[H])-[H])-[H],[#8]=[#6]=[#7]-[#6](-[#6](-[#6](-[#6](-[#7]=[#6]=[#8])(-[H])-[H])(-[H])-[H])(-[H])-[H])(-[H])-[H]
61,urethane,,,[#8](-[#6](-[#6]1(-[#6](-[#6]2(-[#6](-[#6]-1(-[#6]1(-[#6](-[#6](-[#6](-[#6](-[#8]-[H])(-[H])-[H])(-[#6]-2-1-[H])-[H])(-[H])-[H])(-[H])-[H])-[H])-[H])(-[H])-[H])-[H])(-[H])-[H])-[H])(-[H])-[H])-[H],[#8]=[#6]=[#7]-[#6]1(-[#6](-[#6](-[#6](-[#7]=[#6]=[#8])(-[#6](-[#6]-1(-[H])-[H])(-[H])-[H])-[H])(-[H])-[H])(-[H])-[H])-[H]
62,urethane,,,[#6](-[#6](-[#6](-[H])(-[H])-[H])(-[#6]1:[#6](:[#6](-[#35]):[#6](-[#8]-[#6](-[#6](-[#8]-[H])(-[H])-[H])(-[H])-[H]):[#6](-[#35]):[#6]:1-[H])-[H])-[#6]1:[#6](:[#6](-[#35]):[#6](-[#8]-[#6](-[#6](-[#8]-[H])(-[H])-[H])(-[H])-[H]):[#6](-[#35]):[#6]:1-[H])-[H])(-[H])(-[H])-[H],[#6](-[#15](=[#8])(-[#6]1:[#6](:[#6](:[#6](-[#7]2-[#6](=[#8])-[#6]3:[#6](:[#6](:[#6](-[#7]=[#6]=[#8]):[#6](:[#6]:3-[#6]-2=[#8])-[H])-[H])-[H]):[#6](:[#6]:1-[H])-[H])-[H])-[H])-[#6]1:[#6](:[#6](:[#6](-[#7]2-[#6](=[#8])-[#6]3:[#6](:[#6](:[#6](-[#7]=[#6]=[#8]):[#6](:[#6]:3-[#6]-2=[#8])-[H])-[H])-[H]):[#6](:[#6]:1-[H])-[H])-[H])-[H])(-[H])(-[H])-[H]
63,urethane,,,[#8](-[#6](-[#6](-[#7](-[#6](-[#6](-[#8]-[H])(-[H])-[H])(-[H])-[H])-[#6]1:[#6](:[#6](:[#6](:[#6](:[#6]:1-[H])-[H])-[H])-[H])-[H])(-[H])-[H])(-[H])-[H])-[H],[#8]=[#6]=[#7]-[#6]1:[#6](:[#6](:[#6](-[#6](-[#6]2:[#6](:[#6](:[#6](-[#7]=[#6]=[#8]):[#6](:[#6]:2-[H])-[H])-[H])-[H])(-[H])-[H]):[#6](:[#6]:1-[H])-[H])-[H])-[H]
64,urethane,,,[#8](-[#6](-[#6]1:[#6](:[#6](:[#6](:[#6](-[#6](-[#8]-[H])(-[H])-[H]):[#7]:1)-[H])-[H])-[H])(-[H])-[H])-[H],[#8]=[#6]=[#7]-[#6](-[#6](-[#6](-[#6](-[#6](-[#6](-[#7]=[#6]=[#8])(-[H])-[H])(-[H])-[H])(-[H])-[H])(-[H])-[H])(-[H])-[H])(-[H])-[H]
65,urethane,,,[#8](-[#6](-[#6](-[#6](-[#6](-[#6](-[#6](-[#6](-[#6](-[#6](-[#6](-[#6](-[#6](-[#6](-[#6](-[#6](-[#6](-[#6](-[#6](-[#6](-[#6](-[#8]-[H])(-[H])-[H])(-[H])-[H])(-[H])-[H])(-[H])-[H])(-[H])-[H])(-[H])-[H])(-[H])-[H])(-[H])-[H])(-[H])-[H])(-[H])-[H])(-[H])-[H])(-[H])-[H])(-[H])-[H])(-[H])-[H])(-[H])-[H])(-[H])-[H])(-[H])-[H])(-[H])-[H])(-[H])-[H])(-[H])-[H])-[H],[#8]=[#6]=[#7]-[#6](-[#6](-[#6](-[#6](-[#6](-[#6](-[#6](-[#6](-[#7]=[#6]=[#8])(-[H])-[H])(-[H])-[H])(-[H])-[H])(-[H])-[H])(-[H])-[H])(-[H])-[H])(-[H])-[H])(-[H])-[H]
66,urethane,,,[#8](-[#6](-[#6]1(-[#6](-[#6](-[#6](-[#6](-[#8]-[H])(-[H])-[H])(-[#6](-[#6]-1(-[H])-[H])(-[H])-[H])-[H])(-[H])-[H])(-[H])-[H])-[H])(-[H])-[H])-[H],[#8]=[#6]=[#7]-[#6](-[#6]1(-[#6](-[#6](-[#6](-[#6](-[#6](-[#7]=[#6]=[#8])(-[H])-[H])(-[#6]-1(-[H])-[H])-[H])(-[H])-[H])(-[H])-[H])(-[H])-[H])-[H])(-[H])-[H]
67,urethane,,,[#8](-[#6](-[#6](-[#8]-[#6](-[#6](-[#8]-[#6](-[#6](-[#8]-[#6](-[#6](-[#8]-[H])(-[H])-[H])(-[H])-[H])(-[H])-[H])(-[H])-[H])(-[H])-[H])(-[H])-[H])(-[H])-[H])(-[H])-[H])-[H],[#6](-[#6]1(-[#6](-[H])(-[H])-[H])-[#6](-[#6](-[#7]=[#6]=[#8])(-[#6](-[#6](-[#6](-[H])(-[H])-[H])(-[#6](-[#7]=[#6]=[#8])(-[H])-[H])-[#6]-1(-[H])-[H])(-[H])-[H])-[H])(-[H])-[H])(-[H])(-[H])-[H]
68,urethane,,,[#8](-[#6]1:[#6](:[#6](:[#6](:[#6](-[#8]-[H]):[#6]:1-[H])-[H])-[H])-[H])-[H],[#8]=[#6]=[#7]-[#6]1:[#6](:[#6](:[#6]2:[#6](:[#6]:1-[H])-[#6](=[#8])-[#7](-[#6]1:[#6](:[#6](:[#6](-[#6]3:[#6](:[#6](-[#6]4:[#6](:[#6](:[#6](-[#6]5:[#6](:[#6](:[#6](:[#6](:[#6]:5-[H])-[H])-[H])-[H])-[H]):[#6](:[#6]:4-[H])-[H])-[H])-[H]):[#6](:[#6](-[#6]4:[#6](:[#6](:[#6](-[#7]5-[#6](=[#8])-[#6]6:[#6](:[#6](:[#6](-[#7]=[#6]=[#8]):[#6](:[#6]:6-[#6]-5=[#8])-[H])-[H])-[H]):[#6](:[#6]:4-[H])-[H])-[H])-[H]):[#6]:3-[H])-[H])-[H]):[#6](:[#6]:1-[H])-[H])-[H])-[H])-[#6]-2=[#8])-[H])-[H]
69,urethane,,,[#8](-[#6](-[#6](-[#6](-[#6](-[#8]-[H])(-[H])-[H])(-[H])-[H])(-[H])-[H])(-[H])-[H])-[H],[#6](-[#6]1(-[#6](-[H])(-[H])-[H])-[#6](-[#6](-[#7]=[#6]=[#8])(-[#6](-[#6](-[#6](-[H])(-[H])-[H])(-[#6](-[#7]=[#6]=[#8])(-[H])-[H])-[#6]-1(-[H])-[H])(-[H])-[H])-[H])(-[H])-[H])(-[H])(-[H])-[H]
70,urethane,,,[#8](-[#6](-[#6](-[#6](-[#6](-[#6](-[#6](-[#6](-[#6](-[#6](-[#6](-[#8]-[H])(-[H])-[H])(-[H])-[H])(-[H])-[H])(-[H])-[H])(-[H])-[H])(-[H])-[H])(-[H])-[H])(-[H])-[H])(-[H])-[H])(-[H])-[H])-[H],[#8]=[#6]=[#7]-[#6](-[#6](-[#6](-[#6](-[#6](-[#6](-[#6](-[#6](-[#6](-[#6](-[#6](-[#6](-[#6](-[#6](-[#6](-[#6](-[#6](-[#6](-[#7]=[#6]=[#8])(-[H])-[H])(-[H])-[H])(-[H])-[H])(-[H])-[H])(-[H])-[H])(-[H])-[H])(-[H])-[H])(-[H])-[H])(-[H])-[H])(-[H])-[H])(-[H])-[H])(-[H])-[H])(-[H])-[H])(-[H])-[H])(-[H])-[H])(-[H])-[H])(-[H])-[H])(-[H])-[H]
71,urethane,,,[#8]=[#7+](-[#8-])-[#6]1:[#6](:[#6](:[#6](-[#7]=[#7]-[#6]2:[#6](:[#6](:[#6](-[#7](-[#6](-[#6](-[#8]-[H])(-[H])-[H])(-[H])-[H])-[#6](-[#6](-[#8]-[H])(-[H])-[H])(-[H])-[H]):[#6](:[#6]:2-[H])-[H])-[H])-[H]):[#6](:[#6]:1-[H])-[H])-[H])-[H],[#8]=[#6]=[#7]-[#6](-[#6](-[#6](-[#6](-[#6](-[#6](-[#7]=[#6]=[#8])(-[H])-[H])(-[H])-[H])(-[H])-[H])(-[H])-[H])(-[H])-[H])(-[H])-[H]
72,urethane,,,[#8](-[#6]1:[#6](:[#6](:[#6]2:[#6](:[#6](:[#6](:[#6](:[#6]:2:[#6]:1-[#6]1:[#6](-[#8]-[H]):[#6](:[#6](:[#6]2:[#6](:[#6](:[#6](:[#6](:[#6]:1:2)-[H])-[H])-[H])-[H])-[H])-[H])-[H])-[H])-[H])-[H])-[H])-[H])-[H],[#8]=[#6]=[#7]-[#6]1:[#6](:[#6](:[#6]2:[#6](:[#6]:1-[H])-[#6](=[#8])-[#7](-[#6]1:[#6](:[#6](:[#6](-[#6]3:[#6](:[#6](-[#6]4:[#6](:[#6](:[#6](-[#6]5:[#6](:[#6](:[#6](:[#6](:[#6]:5-[H])-[H])-[H])-[H])-[H]):[#6](:[#6]:4-[H])-[H])-[H])-[H]):[#6](:[#6](-[#6]4:[#6](:[#6](:[#6](-[#7]5-[#6](=[#8])-[#6]6:[#6](:[#6](:[#6](-[#7]=[#6]=[#8]):[#6](:[#6]:6-[#6]-5=[#8])-[H])-[H])-[H]):[#6](:[#6]:4-[H])-[H])-[H])-[H]):[#6]:3-[H])-[H])-[H]):[#6](:[#6]:1-[H])-[H])-[H])-[H])-[#6]-2=[#8])-[H])-[H]
73,urethane,,,[#8]=[#15](-[#6]1:[#6](:[#6](:[#6](:[#6](:[#6]:1-[H])-[H])-[H])-[H])-[H])(-[#6]1:[#6](:[#6](:[#6](-[#8]-[#6](-[#6](-[#8]-[H])(-[H])-[H])(-[H])-[H]):[#6](:[#6]:1-[H])-[H])-[H])-[H])-[#6]1:[#6](:[#6](:[#6](-[#8]-[#6](-[#6](-[#8]-[H])(-[H])-[H])(-[H])-[H]):[#6](:[#6]:1-[H])-[H])-[H])-[H],[#8]=[#6]=[#7]-[#6]1:[#6](:[#6](:[#6]2:[#6](:[#6]:1-[H])-[#6](=[#8])-[#7](-[#6]1:[#6](:[#6](:[#6](-[#15](=[#8])(-[#6]3:[#6](:[#6](:[#6](:[#6](:[#6]:3-[H])-[H])-[H])-[H])-[H])-[#6]3:[#6](:[#6](:[#6](-[#7]4-[#6](=[#8])-[#6]5:[#6](:[#6](:[#6](-[#7]=[#6]=[#8]):[#6](:[#6]:5-[#6]-4=[#8])-[H])-[H])-[H]):[#6](:[#6]:3-[H])-[H])-[H])-[H]):[#6](:[#6]:1-[H])-[H])-[H])-[H])-[#6]-2=[#8])-[H])-[H]
74,urethane,,,[#8](-[#6](-[#6]1:[#6](:[#6](:[#6](:[#6](-[#6](-[#8]-[H])(-[H])-[H]):[#7]:1)-[H])-[H])-[H])(-[H])-[H])-[H],[#8]=[#6]=[#7]-[#6](-[#6](-[#6](-[#6](-[#7]=[#6]=[#8])(-[H])-[H])(-[H])-[H])(-[H])-[H])(-[H])-[H]
75,urethane,,,[#8](-[#6](-[#6](-[#8]-[#6](-[#6](-[#8]-[#6](-[#6](-[#8]-[#6](-[#6](-[#8]-[H])(-[H])-[H])(-[H])-[H])(-[H])-[H])(-[H])-[H])(-[H])-[H])(-[H])-[H])(-[H])-[H])(-[H])-[H])-[H],[#8]=[#6]=[#7]-[#6](-[#6](-[#6](-[#6](-[#6](-[#6](-[#7]=[#6]=[#8])(-[H])-[H])(-[H])-[H])(-[H])-[H])(-[H])-[H])(-[H])-[H])(-[H])-[H]
76,urethane,,,[#8](-[#6]1:[#6](:[#6](:[#6](-[#6]2:[#6](:[#6](:[#6](-[#8]-[H]):[#6](:[#6]:2-[H])-[H])-[H])-[H]):[#6](:[#6]:1-[H])-[H])-[H])-[H])-[H],[#8]=[#6]=[#7]-[#6]1:[#6](:[#6](:[#6]2:[#6](:[#6]:1-[H])-[#6](=[#8])-[#7](-[#6]1:[#6](:[#6](:[#6](-[#6]3:[#6](:[#6](-[#6]4:[#6](:[#6](:[#6](-[#6]5:[#6](:[#6](:[#6](:[#6](:[#6]:5-[H])-[H])-[H])-[H])-[H]):[#6](:[#6]:4-[H])-[H])-[H])-[H]):[#6](:[#6](-[#6]4:[#6](:[#6](:[#6](-[#7]5-[#6](=[#8])-[#6]6:[#6](:[#6](:[#6](-[#7]=[#6]=[#8]):[#6](:[#6]:6-[#6]-5=[#8])-[H])-[H])-[H]):[#6](:[#6]:4-[H])-[H])-[H])-[H]):[#6]:3-[H])-[H])-[H]):[#6](:[#6]:1-[H])-[H])-[H])-[H])-[#6]-2=[#8])-[H])-[H]
77,urethane,,,[#8](-[#6](-[#6](-[#8]-[H])(-[H])-[H])(-[H])-[H])-[H],[#6](-[#6]1(-[#6](-[H])(-[H])-[H])-[#6](-[#6](-[#7]=[#6]=[#8])(-[#6](-[#6](-[#6](-[H])(-[H])-[H])(-[#6](-[#7]=[#6]=[#8])(-[H])-[H])-[#6]-1(-[H])-[H])(-[H])-[H])-[H])(-[H])-[H])(-[H])(-[H])-[H]
78,urethane,,,[#6](-[#6](-[#6](-[H])(-[H])-[H])(-[#6]1:[#6](:[#6](:[#6](-[#8]-[#6](-[#6](-[#8]-[H])(-[H])-[H])(-[H])-[H]):[#6](:[#6]:1-[H])-[H])-[H])-[H])-[#6]1:[#6](:[#6](:[#6](-[#8]-[#6](-[#6](-[#8]-[H])(-[H])-[H])(-[H])-[H]):[#6](:[#6]:1-[H])-[H])-[H])-[H])(-[H])(-[H])-[H],[#6](-[#15](=[#8])(-[#6]1:[#6](:[#6](:[#6](-[#7]2-[#6](=[#8])-[#6]3:[#6](:[#6](:[#6](-[#7]=[#6]=[#8]):[#6](:[#6]:3-[#6]-2=[#8])-[H])-[H])-[H]):[#6](:[#6]:1-[H])-[H])-[H])-[H])-[#6]1:[#6](:[#6](:[#6](-[#7]2-[#6](=[#8])-[#6]3:[#6](:[#6](:[#6](-[#7]=[#6]=[#8]):[#6](:[#6]:3-[#6]-2=[#8])-[H])-[H])-[H]):[#6](:[#6]:1-[H])-[H])-[H])-[H])(-[H])(-[H])-[H]
79,urethane,,,[#8]=[#7+](-[#8-])-[#6]1:[#6](:[#6](:[#6](-[#7]=[#7]-[#6]2:[#6](:[#6](:[#6](-[#7](-[#6](-[#6](-[#8]-[H])(-[H])-[H])(-[H])-[H])-[#6](-[#6](-[#8]-[H])(-[H])-[H])(-[H])-[H]):[#6](:[#6]:2-[H])-[H])-[H])-[H]):[#6](:[#6]:1-[H])-[H])-[H])-[H],[#8]=[#6]=[#7]-[#6]1:[#6](:[#6](:[#6](-[#6](-[#6]2:[#6](:[#6](:[#6](-[#7]=[#6]=[#8]):[#6](:[#6]:2-[H])-[H])-[H])-[H])(-[H])-[H]):[#6](:[#6]:1-[H])-[H])-[H])-[H]
80,urethane,,,[#8](-[#6](-[#6](-[#6](-[#6](-[#8]-[H])(-[H])-[H])(-[H])-[H])(-[H])-[H])(-[H])-[H])-[H],[#8]=[#6]=[#7]-[#6]1:[#6](:[#6](:[#6](-[#6](-[#6]2:[#6](:[#6](:[#6](-[#7]=[#6]=[#8]):[#6](:[#6]:2-[H])-[H])-[H])-[H])(-[H])-[H]):[#6](:[#6]:1-[H])-[H])-[H])-[H]
81,urethane,,,[#8](-[#6](-[#6](-[#8]-[#6]1:[#6](:[#6](:[#6](-[#6](-[#6]2:[#6](:[#6](:[#6](-[#8]-[#6](-[#6](-[#8]-[H])(-[H])-[H])(-[H])-[H]):[#6](:[#6]:2-[H])-[H])-[H])-[H])(-[#6](-[#9])(-[#9])-[#9])-[#6](-[#9])(-[#9])-[#9]):[#6](:[#6]:1-[H])-[H])-[H])-[H])(-[H])-[H])(-[H])-[H])-[H],[#6](-[#15](=[#8])(-[#6]1:[#6](:[#6](:[#6](-[#7]2-[#6](=[#8])-[#6]3:[#6](:[#6](:[#6](-[#7]=[#6]=[#8]):[#6](:[#6]:3-[#6]-2=[#8])-[H])-[H])-[H]):[#6](:[#6]:1-[H])-[H])-[H])-[H])-[#6]1:[#6](:[#6](:[#6](-[#7]2-[#6](=[#8])-[#6]3:[#6](:[#6](:[#6](-[#7]=[#6]=[#8]):[#6](:[#6]:3-[#6]-2=[#8])-[H])-[H])-[H]):[#6](:[#6]:1-[H])-[H])-[H])-[H])(-[H])(-[H])-[H]
82,urethane,,,[#6](-[#7](-[#6](-[H])(-[H])-[H])-[#6](-[#6](-[#6](-[H])(-[H])-[H])(-[#6](-[#8]-[H])(-[H])-[H])-[#6](-[#8]-[#6](-[#6](-[#6](-[H])(-[H])-[H])(-[#6](-[#8]-[H])(-[H])-[H])-[#6](-[#7](-[#6](-[H])(-[H])-[H])-[#6](-[H])(-[H])-[H])(-[H])-[H])(-[H])-[H])(-[H])-[H])(-[H])-[H])(-[H])(-[H])-[H],[#8]=[#6]=[#7]-[#6](-[#6](-[#6](-[#6](-[#7]=[#6]=[#8])(-[H])-[H])(-[H])-[H])(-[H])-[H])(-[H])-[H]
83,urethane,,,[#8](-[#6](-[#6](-[#6](-[#8]-[H])(-[H])-[H])(-[H])-[H])(-[H])-[H])-[H],[#6](-[#6]1(-[#6](-[H])(-[H])-[H])-[#6](-[#6](-[#7]=[#6]=[#8])(-[#6](-[#6](-[#6](-[H])(-[H])-[H])(-[#6](-[#7]=[#6]=[#8])(-[H])-[H])-[#6]-1(-[H])-[H])(-[H])-[H])-[H])(-[H])-[H])(-[H])(-[H])-[H]
84,urethane,,,[#8](-[#6](-[#6](-[#6](-[#8]-[H])(-[H])-[H])(-[H])-[H])(-[H])-[H])-[H],[#8]=[#6]=[#7]-[#6](-[#6](-[#6](-[#6](-[#6](-[#6](-[#7]=[#6]=[#8])(-[H])-[H])(-[H])-[H])(-[H])-[H])(-[H])-[H])(-[H])-[H])(-[H])-[H]
85,urethane,,,[#8](-[#6](-[#6](-[#6](-[#6](-[#6](-[#6](-[#6](-[#6](-[#6](-[#6](-[#8]-[H])(-[H])-[H])(-[H])-[H])(-[H])-[H])(-[H])-[H])(-[H])-[H])(-[H])-[H])(-[H])-[H])(-[H])-[H])(-[H])-[H])(-[H])-[H])-[H],[#8]=[#6]=[#7]-[#6](-[#6](-[#6](-[#6](-[#6](-[#6](-[#6](-[#6](-[#6](-[#6](-[#7]=[#6]=[#8])(-[H])-[H])(-[H])-[H])(-[H])-[H])(-[H])-[H])(-[H])-[H])(-[H])-[H])(-[H])-[H])(-[H])-[H])(-[H])-[H])(-[H])-[H]
86,urethane,,,[#8](-[#6](-[#6]1:[#6](:[#6](:[#6](:[#6](-[#6](-[#8]-[H])(-[H])-[H]):[#7]:1)-[H])-[H])-[H])(-[H])-[H])-[H],[#8]=[#6]=[#7]-[#6]1:[#6](:[#6](:[#6](-[#6](-[#6]2:[#6](:[#6](:[#6](-[#7]=[#6]=[#8]):[#6](:[#6]:2-[H])-[H])-[H])-[H])(-[H])-[H]):[#6](:[#6]:1-[H])-[H])-[H])-[H]
87,urethane,,,[#8](-[#6](-[#6]1(-[#6](-[#6]2(-[#6]3(-[#6](-[#6](-[#6](-[#8]-[H])(-[H])-[H])(-[#6](-[#6]-3(-[H])-[H])(-[#6]-2(-[#6]-1(-[H])-[H])-[H])-[H])-[H])(-[H])-[H])-[H])-[H])(-[H])-[H])-[H])(-[H])-[H])-[H],[#8]=[#6]=[#7]-[#6](-[#6]1(-[#6](-[#6](-[#6](-[#6](-[#6](-[#7]=[#6]=[#8])(-[H])-[H])(-[#6]-1(-[H])-[H])-[H])(-[H])-[H])(-[H])-[H])(-[H])-[H])-[H])(-[H])-[H]
88,urethane,,,[#8](-[#6](-[#6]1(-[#6](-[#6](-[#6](-[#6](-[#8]-[H])(-[H])-[H])(-[#6](-[#6]-1(-[H])-[H])(-[H])-[H])-[H])(-[H])-[H])(-[H])-[H])-[H])(-[H])-[H])-[H],[#8]=[#6]=[#7]-[#6](-[#6](-[#6](-[#6](-[#6](-[#6](-[#7]=[#6]=[#8])(-[H])-[H])(-[H])-[H])(-[H])-[H])(-[H])-[H])(-[H])-[H])(-[H])-[H]
89,urethane,,,[#6](-[#6](-[#6](-[H])(-[H])-[H])(-[#6]1:[#6](:[#6](:[#6](-[#8]-[#6](-[#6](-[#8]-[H])(-[H])-[H])(-[H])-[H]):[#6](:[#6]:1-[H])-[H])-[H])-[H])-[#6]1:[#6](:[#6](:[#6](-[#8]-[#6](-[#6](-[#8]-[H])(-[H])-[H])(-[H])-[H]):[#6](:[#6]:1-[H])-[H])-[H])-[H])(-[H])(-[H])-[H],[#8]=[#6]=[#7]-[#6]1:[#6](:[#6](:[#6]2:[#6](:[#6]:1-[H])-[#6](=[#8])-[#7](-[#6]1:[#6](:[#6](:[#6](-[#15](=[#8])(-[#6]3:[#6](:[#6](:[#6](:[#6](:[#6]:3-[H])-[H])-[H])-[H])-[H])-[#6]3:[#6](:[#6](:[#6](-[#7]4-[#6](=[#8])-[#6]5:[#6](:[#6](:[#6](-[#7]=[#6]=[#8]):[#6](:[#6]:5-[#6]-4=[#8])-[H])-[H])-[H]):[#6](:[#6]:3-[H])-[H])-[H])-[H]):[#6](:[#6]:1-[H])-[H])-[H])-[H])-[#6]-2=[#8])-[H])-[H]
90,urethane,,,[#8](-[#6](-[#6]1(-[#6](-[#6](-[#6](-[#6](-[#8]-[H])(-[H])-[H])(-[#6](-[#6]-1(-[H])-[H])(-[H])-[H])-[H])(-[H])-[H])(-[H])-[H])-[H])(-[H])-[H])-[H],[#8]=[#6]=[#7]-[#6]1(-[#6](-[#6](-[#6](-[#7]=[#6]=[#8])(-[#6](-[#6]-1(-[H])-[H])(-[H])-[H])-[H])(-[H])-[H])(-[H])-[H])-[H]
91,urethane,,,[#8](-[#6](-[#6](-[#6](-[#6](-[#8]-[H])(-[H])-[H])(-[H])-[H])(-[H])-[H])(-[H])-[H])-[H],[#8]=[#6]=[#7]-[#6](-[#6]1(-[#6](-[#6](-[#6](-[#6](-[#6](-[#7]=[#6]=[#8])(-[H])-[H])(-[#6]-1(-[H])-[H])-[H])(-[H])-[H])(-[H])-[H])(-[H])-[H])-[H])(-[H])-[H]
92,urethane,,,[#8](-[#6](-[#6](-[#6](-[#6](-[#6](-[#6](-[#6](-[#6](-[#6](-[#6](-[#6](-[#6](-[#6](-[#6](-[#6](-[#6](-[#6](-[#6](-[#6](-[#6](-[#8]-[H])(-[H])-[H])(-[H])-[H])(-[H])-[H])(-[H])-[H])(-[H])-[H])(-[H])-[H])(-[H])-[H])(-[H])-[H])(-[H])-[H])(-[H])-[H])(-[H])-[H])(-[H])-[H])(-[H])-[H])(-[H])-[H])(-[H])-[H])(-[H])-[H])(-[H])-[H])(-[H])-[H])(-[H])-[H])(-[H])-[H])-[H],[#8]=[#6]=[#7]-[#6](-[#6](-[#6](-[#6](-[#6](-[#6](-[#6](-[#6](-[#6](-[#6](-[#6](-[#6](-[#6](-[#6](-[#6](-[#6](-[#6](-[#6](-[#7]=[#6]=[#8])(-[H])-[H])(-[H])-[H])(-[H])-[H])(-[H])-[H])(-[H])-[H])(-[H])-[H])(-[H])-[H])(-[H])-[H])(-[H])-[H])(-[H])-[H])(-[H])-[H])(-[H])-[H])(-[H])-[H])(-[H])-[H])(-[H])-[H])(-[H])-[H])(-[H])-[H])(-[H])-[H]
93,urethane,,,[#8](-[#6]1:[#6](:[#6](:[#6](:[#6](-[#8]-[H]):[#6]:1-[H])-[H])-[H])-[H])-[H],[#8]=[#6]=[#7]-[#6]1:[#6](:[#6](:[#6]2:[#6](:[#6]:1-[H])-[#6](=[#8])-[#7](-[#6]1:[#6](:[#6](:[#6](-[#6]3:[#6](:[#6](-[#6]4:[#6](:[#6](:[#6](-[#6]5:[#6](:[#6](:[#6](:[#6](:[#6]:5-[H])-[H])-[H])-[H])-[H]):[#6](:[#6]:4-[H])-[H])-[H])-[H]):[#6](:[#6](-[#6]4:[#6](:[#6](:[#6](-[#7]5-[#6](=[#8])-[#6]6:[#6](:[#6](:[#6](-[#7]=[#6]=[#8]):[#6](:[#6]:6-[#6]-5=[#8])-[H])-[H])-[H]):[#6](:[#6]:4-[H])-[H])-[H])-[H]):[#7]:3)-[H])-[H]):[#6](:[#6]:1-[H])-[H])-[H])-[H])-[#6]-2=[#8])-[H])-[H]
94,urethane,,,[#8](-[#6](-[#6]1(-[#6](-[#6]2(-[#6]3(-[#6](-[#6](-[#6](-[#8]-[H])(-[H])-[H])(-[#6](-[#6]-3(-[H])-[H])(-[#6]-2(-[#6]-1(-[H])-[H])-[H])-[H])-[H])(-[H])-[H])-[H])-[H])(-[H])-[H])-[H])(-[H])-[H])-[H],[#6](-[#6]1(-[#6](-[H])(-[H])-[H])-[#6](-[#6](-[#7]=[#6]=[#8])(-[#6](-[#6](-[#6](-[H])(-[H])-[H])(-[#6](-[#7]=[#6]=[#8])(-[H])-[H])-[#6]-1(-[H])-[H])(-[H])-[H])-[H])(-[H])-[H])(-[H])(-[H])-[H]
95,urethane,,,[#8](-[#6]1:[#6](:[#6](:[#6](-[#7]=[#6](-[#6]2:[#6](:[#6](:[#6](-[#6](=[#7]-[#6]3:[#6](:[#6](:[#6](-[#8]-[H]):[#6](:[#6]:3-[H])-[H])-[H])-[H])-[H]):[#6](:[#6]:2-[H])-[H])-[H])-[H])-[H]):[#6](:[#6]:1-[H])-[H])-[H])-[H])-[H],[#8]=[#6]=[#7]-[#6]1:[#6](:[#6](:[#6](-[#6](-[#6]2:[#6](:[#6](:[#6](-[#7]=[#6]=[#8]):[#6](:[#6]:2-[H])-[H])-[H])-[H])(-[H])-[H]):[#6](:[#6]:1-[H])-[H])-[H])-[H]
96,urethane,,,[#6](-[#6](-[#6](-[H])(-[H])-[H])(-[#6]1:[#6](:[#6](-[#35]):[#6](-[#8]-[#6](-[#6](-[#8]-[H])(-[H])-[H])(-[H])-[H]):[#6](-[#35]):[#6]:1-[H])-[H])-[#6]1:[#6](:[#6](-[#35]):[#6](-[#8]-[#6](-[#6](-[#8]-[H])(-[H])-[H])(-[H])-[H]):[#6](-[#35]):[#6]:1-[H])-[H])(-[H])(-[H])-[H],[#8]=[#6]=[#7]-[#6]1:[#6](:[#6](:[#6]2:[#6](:[#6]:1-[H])-[#6](=[#8])-[#7](-[#6]1:[#6](:[#6](:[#6](-[#15](=[#8])(-[#6]3:[#6](:[#6](:[#6](:[#6](:[#6]:3-[H])-[H])-[H])-[H])-[H])-[#6]3:[#6](:[#6](:[#6](-[#7]4-[#6](=[#8])-[#6]5:[#6](:[#6](:[#6](-[#7]=[#6]=[#8]):[#6](:[#6]:5-[#6]-4=[#8])-[H])-[H])-[H]):[#6](:[#6]:3-[H])-[H])-[H])-[H]):[#6](:[#6]:1-[H])-[H])-[H])-[H])-[#6]-2=[#8])-[H])-[H]
97,urethane,,,[#8](-[#6](-[#6](-[#8]-[#6](-[#6](-[#8]-[H])(-[H])-[H])(-[H])-[H])(-[H])-[H])(-[H])-[H])-[H],[#8]=[#6]=[#7]-[#6](-[#6](-[#6](-[#6](-[#6](-[#6](-[#7]=[#6]=[#8])(-[H])-[H])(-[H])-[H])(-[H])-[H])(-[H])-[H])(-[H])-[H])(-[H])-[H]
98,urethane,,,[#8](-[#6](-[#6](-[#6](-[#6](-[#6](-[#6](-[#8]-[#6]1:[#6](:[#6](:[#6](-[#6]2:[#6](:[#6](:[#6](-[#8]-[#6](-[#6](-[#6](-[#6](-[#6](-[#6](-[#8]-[H])(-[H])-[H])(-[H])-[H])(-[H])-[H])(-[H])-[H])(-[H])-[H])(-[H])-[H]):[#6](:[#6]:2-[H])-[H])-[H])-[H]):[#6](:[#6]:1-[H])-[H])-[H])-[H])(-[H])-[H])(-[H])-[H])(-[H])-[H])(-[H])-[H])(-[H])-[H])(-[H])-[H])-[H],[#6](-[#6]1:[#6](:[#6](:[#6](-[#7]=[#6]=[#8]):[#6](:[#6]:1-[#7]=[#6]=[#8])-[H])-[H])-[H])(-[H])(-[H])-[H]
99,urethane,,,[#6](-[#6](-[#6](-[H])(-[H])-[H])(-[#6]1:[#6](:[#6](:[#6](-[#8]-[H]):[#6](:[#6]:1-[H])-[H])-[H])-[H])-[#6]1:[#6](:[#6](:[#6](-[#8]-[H]):[#6](:[#6]:1-[H])-[H])-[H])-[H])(-[H])(-[H])-[H],[#8]=[#6]=[#7]-[#6]1:[#6](:[#6](:[#6]2:[#6](:[#6]:1-[H])-[#6](=[#8])-[#7](-[#6]1:[#6](:[#6](:[#6](-[#6]3:[#6](:[#6](-[#6]4:[#6](:[#6](:[#6](-[#6]5:[#6](:[#6](:[#6](:[#6](:[#6]:5-[H])-[H])-[H])-[H])-[H]):[#6](:[#6]:4-[H])-[H])-[H])-[H]):[#6](:[#6](-[#6]4:[#6](:[#6](:[#6](-[#7]5-[#6](=[#8])-[#6]6:[#6](:[#6](:[#6](-[#7]=[#6]=[#8]):[#6](:[#6]:6-[#6]-5=[#8])-[H])-[H])-[H]):[#6](:[#6]:4-[H])-[H])-[H])-[H]):[#6]:3-[H])-[H])-[H]):[#6](:[#6]:1-[H])-[H])-[H])-[H])-[#6]-2=[#8])-[H])-[H]
100,urethane,,,[#8]=[#7+](-[#8-])-[#6]1:[#6](:[#7]:[#6](-[#7]=[#7]-[#6]2:[#6](:[#6](:[#6](-[#7](-[#6](-[#6](-[#8]-[H])(-[H])-[H])(-[H])-[H])-[#6](-[#6](-[#8]-[H])(-[H])-[H])(-[H])-[H]):[#6](:[#6]:2-[H])-[H])-[H])-[H]):[#16]:1)-[H],[#8]=[#6]=[#7]-[#6]1:[#6](:[#6](:[#6](-[#6](-[#6]2:[#6](:[#6](:[#6](-[#7]=[#6]=[#8]):[#6](:[#6]:2-[H])-[H])-[H])-[H])(-[H])-[H]):[#6](:[#6]:1-[H])-[H])-[H])-[H]
101,urethane,,,[#8](-[#6](-[#6](-[#6](-[#6](-[#6](-[#6](-[#6](-[#6](-[#6](-[#6](-[#8]-[H])(-[H])-[H])(-[H])-[H])(-[H])-[H])(-[H])-[H])(-[H])-[H])(-[H])-[H])(-[H])-[H])(-[H])-[H])(-[H])-[H])(-[H])-[H])-[H],[#6](-[#6](-[#6](-[#6](-[#6](-[#6](-[#6](-[#6](-[#6](=[#6](-[#6](-[#6](-[#6](-[#6](-[#6](-[#6](-[#6](-[#6](-[#7]=[#6]=[#8])(-[H])-[H])(-[H])-[H])(-[H])-[H])(-[H])-[H])(-[H])-[H])(-[H])-[H])(-[H])-[H])(-[H])-[H])-[H])-[H])(-[H])-[H])(-[#7]=[#6]=[#8])-[H])(-[H])-[H])(-[H])-[H])(-[H])-[H])(-[H])-[H])(-[H])-[H])(-[H])(-[H])-[H]
102,urethane,,,[#8](-[#6](-[#6](-[#6](-[#6](-[#6](-[#6](-[#6](-[#6](-[#6](-[#6](-[#8]-[H])(-[H])-[H])(-[H])-[H])(-[H])-[H])(-[H])-[H])(-[H])-[H])(-[H])-[H])(-[H])-[H])(-[H])-[H])(-[H])-[H])(-[H])-[H])-[H],[#8]=[#6]=[#7]-[#6](-[#6](-[#6](-[#6](-[#6](-[#6](-[#7]=[#6]=[#8])(-[H])-[H])(-[H])-[H])(-[H])-[H])(-[H])-[H])(-[H])-[H])(-[H])-[H]
103,urethane,,,[#8](-[#6](-[#6](-[#7](-[#6](-[#6](-[#8]-[H])(-[H])-[H])(-[H])-[H])-[#6](-[#6](-[#8]-[H])(-[H])-[H])(-[H])-[H])(-[H])-[H])(-[H])-[H])-[H],[#6](-[#6]1:[#6](:[#6](:[#6](-[#7]=[#6]=[#8]):[#6](:[#6]:1-[#7]=[#6]=[#8])-[H])-[H])-[H])(-[H])(-[H])-[H]
104,urethane,,,[#8](-[#6](-[#6](-[#6](-[#6](-[#6](-[#6](-[#6](-[#6](-[#6](-[#6](-[#8]-[H])(-[H])-[H])(-[H])-[H])(-[H])-[H])(-[H])-[H])(-[H])-[H])(-[H])-[H])(-[H])-[H])(-[H])-[H])(-[H])-[H])(-[H])-[H])-[H],[#8]=[#6]=[#7]-[#6](-[#6](-[#6](-[#6](-[#6](-[#6](-[#6](-[#6](-[#7]=[#6]=[#8])(-[H])-[H])(-[H])-[H])(-[H])-[H])(-[H])-[H])(-[H])-[H])(-[H])-[H])(-[H])-[H])(-[H])-[H]
105,urethane,,,[#8](-[#6](-[#6](-[#6](-[#6](-[#6](-[#6](-[#8]-[H])(-[H])-[H])(-[H])-[H])(-[H])-[H])(-[H])-[H])(-[H])-[H])(-[H])-[H])-[H],[#6](-[#6]1(-[#6](-[H])(-[H])-[H])-[#6](-[#6](-[#7]=[#6]=[#8])(-[#6](-[#6](-[#6](-[H])(-[H])-[H])(-[#6](-[#7]=[#6]=[#8])(-[H])-[H])-[#6]-1(-[H])-[H])(-[H])-[H])-[H])(-[H])-[H])(-[H])(-[H])-[H]
106,urethane,,,[#8](-[#6](-[#6](-[#6](-[#6](-[#6](-[#6](-[#8]-[H])(-[H])-[H])(-[H])-[H])(-[H])-[H])(-[H])-[H])(-[H])-[H])(-[H])-[H])-[H],[#8]=[#6]=[#7]-[#6]1(-[#6](-[#6](-[#6](-[#7]=[#6]=[#8])(-[#6](-[#6]-1(-[H])-[H])(-[H])-[H])-[H])(-[H])-[H])(-[H])-[H])-[H]
107,urethane,,,[#8](-[#6]1(-[#6](-[#6](-[#6](-[#8]-[H])(-[#6](-[#6]-1(-[H])-[H])(-[H])-[H])-[H])(-[H])-[H])(-[H])-[H])-[H])-[H],[#8]=[#6]=[#7]-[#6](-[#6](-[#6](-[#6](-[#6](-[#6](-[#7]=[#6]=[#8])(-[H])-[H])(-[H])-[H])(-[H])-[H])(-[H])-[H])(-[H])-[H])(-[H])-[H]
108,urethane,,,[#6](-[#7](-[#6](-[H])(-[H])-[H])-[#6](-[#6](-[#6](-[H])(-[H])-[H])(-[#6](-[#8]-[H])(-[H])-[H])-[#6](-[#8]-[H])(-[H])-[H])(-[H])-[H])(-[H])(-[H])-[H],[#8]=[#6]=[#7]-[#6](-[#6](-[#6](-[#6](-[#7]=[#6]=[#8])(-[H])-[H])(-[H])-[H])(-[H])-[H])(-[H])-[H]
109,urethane,,,[#8](-[#6]1:[#6](:[#6](:[#6](:[#6](:[#6]:1-[#6]1:[#6](:[#6](:[#6](:[#6](:[#6]:1-[#8]-[H])-[H])-[H])-[H])-[H])-[H])-[H])-[H])-[H])-[H],[#8]=[#6]=[#7]-[#6]1:[#6](:[#6](:[#6]2:[#6](:[#6]:1-[H])-[#6](=[#8])-[#7](-[#6]1:[#6](:[#6](:[#6](-[#6]3:[#6](:[#6](-[#6]4:[#6](:[#6](:[#6](-[#6]5:[#6](:[#6](:[#6](:[#6](:[#6]:5-[H])-[H])-[H])-[H])-[H]):[#6](:[#6]:4-[H])-[H])-[H])-[H]):[#6](:[#6](-[#6]4:[#6](:[#6](:[#6](-[#7]5-[#6](=[#8])-[#6]6:[#6](:[#6](:[#6](-[#7]=[#6]=[#8]):[#6](:[#6]:6-[#6]-5=[#8])-[H])-[H])-[H]):[#6](:[#6]:4-[H])-[H])-[H])-[H]):[#6]:3-[H])-[H])-[H]):[#6](:[#6]:1-[H])-[H])-[H])-[H])-[#6]-2=[#8])-[H])-[H]
110,urethane,,,[#8](-[#6](-[#6](-[#6](-[#6](-[#6](-[#6](-[#8]-[H])(-[H])-[H])(-[H])-[H])(-[H])-[H])(-[H])-[H])(-[H])-[H])(-[H])-[H])-[H],[#8]=[#6]=[#7]-[#6](-[#6](-[#6](-[#6](-[#6](-[#6](-[#7]=[#6]=[#8])(-[H])-[H])(-[H])-[H])(-[H])-[H])(-[H])-[H])(-[H])-[H])(-[H])-[H]
111,urethane,,,[#8](-[#6](-[#6](-[#8]-[H])(-[H])-[H])(-[H])-[H])-[H],[#8]=[#6]=[#7]-[#6]1:[#6](:[#6](:[#6](-[#6](-[#6]2:[#6](:[#6](:[#6](-[#7]=[#6]=[#8]):[#6](:[#6]:2-[H])-[H])-[H])-[H])(-[H])-[H]):[#6](:[#6]:1-[H])-[H])-[H])-[H]
112,urethane,,,[#8](-[#6](-[#6](-[#6](-[#6](-[#8]-[H])(-[H])-[H])(-[H])-[H])(-[H])-[H])(-[H])-[H])-[H],[#8]=[#6]=[#7]-[#6](-[#6](-[#6](-[#6](-[#6](-[#6](-[#7]=[#6]=[#8])(-[H])-[H])(-[H])-[H])(-[H])-[H])(-[H])-[H])(-[H])-[H])(-[H])-[H]
113,urethane,,,[#8](-[#6](-[#6](-[#8]-[H])(-[H])-[H])(-[H])-[H])-[H],[#8]=[#6]=[#7]-[#6](-[#6](-[#6](-[#6](-[#6](-[#6](-[#7]=[#6]=[#8])(-[H])-[H])(-[H])-[H])(-[H])-[H])(-[H])-[H])(-[H])-[H])(-[H])-[H]
114,urethane,,,[#8](-[#6](-[#6]1(-[#6](-[#6](-[#6](-[#6](-[#8]-[H])(-[H])-[H])(-[#6](-[#6]-1(-[H])-[H])(-[H])-[H])-[H])(-[H])-[H])(-[H])-[H])-[H])(-[H])-[H])-[H],[#6](-[#6]1(-[#6](-[H])(-[H])-[H])-[#6](-[#6](-[#7]=[#6]=[#8])(-[#6](-[#6](-[#6](-[H])(-[H])-[H])(-[#6](-[#7]=[#6]=[#8])(-[H])-[H])-[#6]-1(-[H])-[H])(-[H])-[H])-[H])(-[H])-[H])(-[H])(-[H])-[H]
