,Chemistry,hydroxyl,isocyanate
0,urethane,[#8](-[#6](-[#6](-[#8]-[#6]1=[#6](-[#6](=[#6](-[#6](-[#6]2=[#6](-[#6](=[#6](-[#8]-[#6](-[#6](-[#8]-[H])(-[H])-[H])(-[H])-[H])-[#6](=[#6]-2-[H])-[H])-[H])-[H])(-[#6](-[#9])(-[#9])-[#9])-[#6](-[#9])(-[#9])-[#9])-[#6](=[#6]-1-[H])-[H])-[H])-[H])(-[H])-[H])(-[H])-[H])-[H],[#8]=[#6]=[#7]-[#6]1=[#6](-[#6](=[#6]2-[#6](=[#6]-1-[H])-[#6](=[#8])-[#7](-[#6]1=[#6](-[#6](=[#6](-[#15](=[#8])(-[#6]3=[#6](-[#6](=[#6](-[#6](=[#6]-3-[H])-[H])-[H])-[H])-[H])-[#6]3=[#6](-[#6](=[#6](-[#7]4-[#6](=[#8])-[#6]5=[#6](-[#6](=[#6](-[#7]=[#6]=[#8])-[#6](=[#6]-5-[#6]-4=[#8])-[H])-[H])-[H])-[#6](=[#6]-3-[H])-[H])-[H])-[H])-[#6](=[#6]-1-[H])-[H])-[H])-[H])-[#6]-2=[#8])-[H])-[H]
1,urethane,[#6](-[#7](-[#6](-[H])(-[H])-[H])-[#6](-[#6](-[#6](-[H])(-[H])-[H])(-[#6](-[#8]-[H])(-[H])-[H])-[#6](-[#8]-[H])(-[H])-[H])(-[H])-[H])(-[H])(-[H])-[H],[#8]=[#6]=[#7]-[#6]1=[#6](-[#6](=[#6](-[#6](-[#6]2=[#6](-[#6](=[#6](-[#7]=[#6]=[#8])-[#6](=[#6]-2-[H])-[H])-[H])-[H])(-[H])-[H])-[#6](=[#6]-1-[H])-[H])-[H])-[H]
2,urethane,[#6](-[#6](-[#6](-[#6](-[#6](-[#6](-[#6](-[#8]-[H])(-[#6](-[#6](=[#6](-[#6](-[#6](-[#6](-[#6](-[#6](-[#6](-[#6](-[#6](-[#8]-[H])(-[H])-[H])(-[H])-[H])(-[H])-[H])(-[H])-[H])(-[H])-[H])(-[H])-[H])(-[H])-[H])(-[H])-[H])-[H])-[H])(-[H])-[H])-[H])(-[H])-[H])(-[H])-[H])(-[H])-[H])(-[H])-[H])(-[H])-[H])(-[H])(-[H])-[H],[#8]=[#6]=[#7]-[#6](-[#6](-[#6](-[#6](-[#6](-[#6](-[#6](-[#6](-[#6](-[#6](-[#7]=[#6]=[#8])(-[H])-[H])(-[H])-[H])(-[H])-[H])(-[H])-[H])(-[H])-[H])(-[H])-[H])(-[H])-[H])(-[H])-[H])(-[H])-[H])(-[H])-[H]
3,urethane,[#8](-[#6](-[#6](-[#6](-[#8]-[H])(-[H])-[H])(-[H])-[H])(-[H])-[H])-[H],[#8]=[#6]=[#7]-[#6](-[#6](-[#6](-[#6](-[#7]=[#6]=[#8])(-[H])-[H])(-[H])-[H])(-[H])-[H])(-[H])-[H]
4,urethane,[#8]=[#15](-[#6]1=[#6](-[#6](=[#6](-[#6](=[#6]-1-[H])-[H])-[H])-[H])-[H])(-[#6]1=[#6](-[#6](=[#6](-[#8]-[#6](-[#6](-[#8]-[H])(-[H])-[H])(-[H])-[H])-[#6](=[#6]-1-[H])-[H])-[H])-[H])-[#6]1=[#6](-[#6](=[#6](-[#8]-[#6](-[#6](-[#8]-[H])(-[H])-[H])(-[H])-[H])-[#6](=[#6]-1-[H])-[H])-[H])-[H],[#6](-[#15](=[#8])(-[#6]1=[#6](-[#6](=[#6](-[#7]2-[#6](=[#8])-[#6]3=[#6](-[#6](=[#6](-[#7]=[#6]=[#8])-[#6](=[#6]-3-[#6]-2=[#8])-[H])-[H])-[H])-[#6](=[#6]-1-[H])-[H])-[H])-[H])-[#6]1=[#6](-[#6](=[#6](-[#7]2-[#6](=[#8])-[#6]3=[#6](-[#6](=[#6](-[#7]=[#6]=[#8])-[#6](=[#6]-3-[#6]-2=[#8])-[H])-[H])-[H])-[#6](=[#6]-1-[H])-[H])-[H])-[H])(-[H])(-[H])-[H]
5,urethane,[#8](-[#6](-[#6]1(-[#6](-[#6]2(-[#6]3(-[#6](-[#6](-[#6](-[#8]-[H])(-[H])-[H])(-[#6](-[#6]-3(-[H])-[H])(-[#6]-2(-[#6]-1(-[H])-[H])-[H])-[H])-[H])(-[H])-[H])-[H])-[H])(-[H])-[H])-[H])(-[H])-[H])-[H],[#8]=[#6]=[#7]-[#6](-[#6](-[#6](-[#6](-[#6](-[#6](-[#7]=[#6]=[#8])(-[H])-[H])(-[H])-[H])(-[H])-[H])(-[H])-[H])(-[H])-[H])(-[H])-[H]
6,urethane,[#8](-[#6]1=[#6](-[#6](=[#6](-[#7]=[#6](-[#6]2=[#6](-[#6](=[#6](-[#6](=[#7]-[#6]3=[#6](-[#6](=[#6](-[#8]-[H])-[#6](=[#6]-3-[H])-[H])-[H])-[H])-[H])-[#6](=[#6]-2-[H])-[H])-[H])-[H])-[H])-[#6](=[#6]-1-[H])-[H])-[H])-[H])-[H],[#6](-[#6]1(-[#6](-[H])(-[H])-[H])-[#6](-[#6](-[#7]=[#6]=[#8])(-[#6](-[#6](-[#6](-[H])(-[H])-[H])(-[#6](-[#7]=[#6]=[#8])(-[H])-[H])-[#6]-1(-[H])-[H])(-[H])-[H])-[H])(-[H])-[H])(-[H])(-[H])-[H]
7,urethane,[#8](-[#6]1(-[#6](-[#8]-[#6]2(-[#6](-[#8]-[H])(-[#6](-[#8]-[#6]-1-2-[H])(-[H])-[H])-[H])-[H])(-[H])-[H])-[H])-[H],[#8]=[#6]=[#7]-[#6](-[#6](-[#6](-[#6](-[#6](-[#6](-[#7]=[#6]=[#8])(-[H])-[H])(-[H])-[H])(-[H])-[H])(-[H])-[H])(-[H])-[H])(-[H])-[H]
8,urethane,[#8](-[#6](-[#6](-[#6](-[#6](-[#6](-[#6](-[#6](-[#6](-[#6](-[#6](-[#8]-[H])(-[H])-[H])(-[H])-[H])(-[H])-[H])(-[H])-[H])(-[H])-[H])(-[H])-[H])(-[H])-[H])(-[H])-[H])(-[H])-[H])(-[H])-[H])-[H],[#8]=[#6]=[#7]-[#6](-[#6](-[#6](-[#6](-[#7]=[#6]=[#8])(-[H])-[H])(-[H])-[H])(-[H])-[H])(-[H])-[H]
9,urethane,[#8](-[#6](-[#6](-[#7](-[#6](-[#6](-[#8]-[H])(-[H])-[H])(-[H])-[H])-[#6]1=[#6](-[#6](=[#6](-[#6](=[#6]-1-[H])-[H])-[H])-[H])-[H])(-[H])-[H])(-[H])-[H])-[H],[#8]=[#6]=[#7]-[#6](-[#6](-[#6](-[#6](-[#7]=[#6]=[#8])(-[H])-[H])(-[H])-[H])(-[H])-[H])(-[H])-[H]
10,urethane,[#8](-[#6](-[#6]1(-[#6](-[#6]2(-[#6](-[#6]-1(-[#6]1(-[#6](-[#6](-[#6](-[#6](-[#8]-[H])(-[H])-[H])(-[#6]-2-1-[H])-[H])(-[H])-[H])(-[H])-[H])-[H])-[H])(-[H])-[H])-[H])(-[H])-[H])-[H])(-[H])-[H])-[H],[#8]=[#6]=[#7]-[#6]1(-[#6](-[#6](-[#6](-[#7]=[#6]=[#8])(-[#6](-[#6]-1(-[H])-[H])(-[H])-[H])-[H])(-[H])-[H])(-[H])-[H])-[H]
11,urethane,[#6](-[#6](-[#6](-[H])(-[H])-[H])(-[#6]1=[#6](-[#6](-[#35])=[#6](-[#8]-[#6](-[#6](-[#8]-[H])(-[H])-[H])(-[H])-[H])-[#6](-[#35])=[#6]-1-[H])-[H])-[#6]1=[#6](-[#6](-[#35])=[#6](-[#8]-[#6](-[#6](-[#8]-[H])(-[H])-[H])(-[H])-[H])-[#6](-[#35])=[#6]-1-[H])-[H])(-[H])(-[H])-[H],[#6](-[#15](=[#8])(-[#6]1=[#6](-[#6](=[#6](-[#7]2-[#6](=[#8])-[#6]3=[#6](-[#6](=[#6](-[#7]=[#6]=[#8])-[#6](=[#6]-3-[#6]-2=[#8])-[H])-[H])-[H])-[#6](=[#6]-1-[H])-[H])-[H])-[H])-[#6]1=[#6](-[#6](=[#6](-[#7]2-[#6](=[#8])-[#6]3=[#6](-[#6](=[#6](-[#7]=[#6]=[#8])-[#6](=[#6]-3-[#6]-2=[#8])-[H])-[H])-[H])-[#6](=[#6]-1-[H])-[H])-[H])-[H])(-[H])(-[H])-[H]
12,urethane,[#8](-[#6](-[#6](-[#7](-[#6](-[#6](-[#8]-[H])(-[H])-[H])(-[H])-[H])-[#6]1=[#6](-[#6](=[#6](-[#6](=[#6]-1-[H])-[H])-[H])-[H])-[H])(-[H])-[H])(-[H])-[H])-[H],[#8]=[#6]=[#7]-[#6]1=[#6](-[#6](=[#6](-[#6](-[#6]2=[#6](-[#6](=[#6](-[#7]=[#6]=[#8])-[#6](=[#6]-2-[H])-[H])-[H])-[H])(-[H])-[H])-[#6](=[#6]-1-[H])-[H])-[H])-[H]
13,urethane,[#8](-[#6](-[#6]1=[#6](-[#6](=[#6](-[#6](-[#6](-[#8]-[H])(-[H])-[H])=[#7]-1)-[H])-[H])-[H])(-[H])-[H])-[H],[#8]=[#6]=[#7]-[#6](-[#6](-[#6](-[#6](-[#6](-[#6](-[#7]=[#6]=[#8])(-[H])-[H])(-[H])-[H])(-[H])-[H])(-[H])-[H])(-[H])-[H])(-[H])-[H]
14,urethane,[#8](-[#6](-[#6](-[#6](-[#6](-[#6](-[#6](-[#6](-[#6](-[#6](-[#6](-[#6](-[#6](-[#6](-[#6](-[#6](-[#6](-[#6](-[#6](-[#6](-[#6](-[#8]-[H])(-[H])-[H])(-[H])-[H])(-[H])-[H])(-[H])-[H])(-[H])-[H])(-[H])-[H])(-[H])-[H])(-[H])-[H])(-[H])-[H])(-[H])-[H])(-[H])-[H])(-[H])-[H])(-[H])-[H])(-[H])-[H])(-[H])-[H])(-[H])-[H])(-[H])-[H])(-[H])-[H])(-[H])-[H])(-[H])-[H])-[H],[#8]=[#6]=[#7]-[#6](-[#6](-[#6](-[#6](-[#6](-[#6](-[#6](-[#6](-[#7]=[#6]=[#8])(-[H])-[H])(-[H])-[H])(-[H])-[H])(-[H])-[H])(-[H])-[H])(-[H])-[H])(-[H])-[H])(-[H])-[H]
15,urethane,[#8](-[#6](-[#6]1(-[#6](-[#6](-[#6](-[#6](-[#8]-[H])(-[H])-[H])(-[#6](-[#6]-1(-[H])-[H])(-[H])-[H])-[H])(-[H])-[H])(-[H])-[H])-[H])(-[H])-[H])-[H],[#8]=[#6]=[#7]-[#6](-[#6]1(-[#6](-[#6](-[#6](-[#6](-[#6](-[#7]=[#6]=[#8])(-[H])-[H])(-[#6]-1(-[H])-[H])-[H])(-[H])-[H])(-[H])-[H])(-[H])-[H])-[H])(-[H])-[H]
16,urethane,[#8](-[#6](-[#6](-[#8]-[#6](-[#6](-[#8]-[#6](-[#6](-[#8]-[#6](-[#6](-[#8]-[H])(-[H])-[H])(-[H])-[H])(-[H])-[H])(-[H])-[H])(-[H])-[H])(-[H])-[H])(-[H])-[H])(-[H])-[H])-[H],[#6](-[#6]1(-[#6](-[H])(-[H])-[H])-[#6](-[#6](-[#7]=[#6]=[#8])(-[#6](-[#6](-[#6](-[H])(-[H])-[H])(-[#6](-[#7]=[#6]=[#8])(-[H])-[H])-[#6]-1(-[H])-[H])(-[H])-[H])-[H])(-[H])-[H])(-[H])(-[H])-[H]
17,urethane,[#8](-[#6]1=[#6](-[#6](=[#6](-[#6](-[#8]-[H])=[#6]-1-[H])-[H])-[H])-[H])-[H],[#8]=[#6]=[#7]-[#6]1=[#6](-[#6](=[#6]2-[#6](=[#6]-1-[H])-[#6](=[#8])-[#7](-[#6]1=[#6](-[#6](=[#6](-[#6]3=[#6](-[#6](-[#6]4=[#6](-[#6](=[#6](-[#6]5=[#6](-[#6](=[#6](-[#6](=[#6]-5-[H])-[H])-[H])-[H])-[H])-[#6](=[#6]-4-[H])-[H])-[H])-[H])=[#6](-[#6](-[#6]4=[#6](-[#6](=[#6](-[#7]5-[#6](=[#8])-[#6]6=[#6](-[#6](=[#6](-[#7]=[#6]=[#8])-[#6](=[#6]-6-[#6]-5=[#8])-[H])-[H])-[H])-[#6](=[#6]-4-[H])-[H])-[H])-[H])=[#6]-3-[H])-[H])-[H])-[#6](=[#6]-1-[H])-[H])-[H])-[H])-[#6]-2=[#8])-[H])-[H]
18,urethane,[#8](-[#6](-[#6](-[#6](-[#6](-[#8]-[H])(-[H])-[H])(-[H])-[H])(-[H])-[H])(-[H])-[H])-[H],[#6](-[#6]1(-[#6](-[H])(-[H])-[H])-[#6](-[#6](-[#7]=[#6]=[#8])(-[#6](-[#6](-[#6](-[H])(-[H])-[H])(-[#6](-[#7]=[#6]=[#8])(-[H])-[H])-[#6]-1(-[H])-[H])(-[H])-[H])-[H])(-[H])-[H])(-[H])(-[H])-[H]
19,urethane,[#8](-[#6](-[#6](-[#6](-[#6](-[#6](-[#6](-[#6](-[#6](-[#6](-[#6](-[#8]-[H])(-[H])-[H])(-[H])-[H])(-[H])-[H])(-[H])-[H])(-[H])-[H])(-[H])-[H])(-[H])-[H])(-[H])-[H])(-[H])-[H])(-[H])-[H])-[H],[#8]=[#6]=[#7]-[#6](-[#6](-[#6](-[#6](-[#6](-[#6](-[#6](-[#6](-[#6](-[#6](-[#6](-[#6](-[#6](-[#6](-[#6](-[#6](-[#6](-[#6](-[#7]=[#6]=[#8])(-[H])-[H])(-[H])-[H])(-[H])-[H])(-[H])-[H])(-[H])-[H])(-[H])-[H])(-[H])-[H])(-[H])-[H])(-[H])-[H])(-[H])-[H])(-[H])-[H])(-[H])-[H])(-[H])-[H])(-[H])-[H])(-[H])-[H])(-[H])-[H])(-[H])-[H])(-[H])-[H]
20,urethane,[#8]=[#7+](-[#8-])-[#6]1=[#6](-[#6](=[#6](-[#7]=[#7]-[#6]2=[#6](-[#6](=[#6](-[#7](-[#6](-[#6](-[#8]-[H])(-[H])-[H])(-[H])-[H])-[#6](-[#6](-[#8]-[H])(-[H])-[H])(-[H])-[H])-[#6](=[#6]-2-[H])-[H])-[H])-[H])-[#6](=[#6]-1-[H])-[H])-[H])-[H],[#8]=[#6]=[#7]-[#6](-[#6](-[#6](-[#6](-[#6](-[#6](-[#7]=[#6]=[#8])(-[H])-[H])(-[H])-[H])(-[H])-[H])(-[H])-[H])(-[H])-[H])(-[H])-[H]
21,urethane,[#8](-[#6]1=[#6](-[#6](=[#6]2-[#6](=[#6](-[#6](=[#6](-[#6]-2=[#6]-1-[#6]1=[#6](-[#8]-[H])-[#6](=[#6](-[#6]2=[#6](-[#6](=[#6](-[#6](=[#6]-1-2)-[H])-[H])-[H])-[H])-[H])-[H])-[H])-[H])-[H])-[H])-[H])-[H])-[H],[#8]=[#6]=[#7]-[#6]1=[#6](-[#6](=[#6]2-[#6](=[#6]-1-[H])-[#6](=[#8])-[#7](-[#6]1=[#6](-[#6](=[#6](-[#6]3=[#6](-[#6](-[#6]4=[#6](-[#6](=[#6](-[#6]5=[#6](-[#6](=[#6](-[#6](=[#6]-5-[H])-[H])-[H])-[H])-[H])-[#6](=[#6]-4-[H])-[H])-[H])-[H])=[#6](-[#6](-[#6]4=[#6](-[#6](=[#6](-[#7]5-[#6](=[#8])-[#6]6=[#6](-[#6](=[#6](-[#7]=[#6]=[#8])-[#6](=[#6]-6-[#6]-5=[#8])-[H])-[H])-[H])-[#6](=[#6]-4-[H])-[H])-[H])-[H])=[#6]-3-[H])-[H])-[H])-[#6](=[#6]-1-[H])-[H])-[H])-[H])-[#6]-2=[#8])-[H])-[H]
22,urethane,[#8]=[#15](-[#6]1=[#6](-[#6](=[#6](-[#6](=[#6]-1-[H])-[H])-[H])-[H])-[H])(-[#6]1=[#6](-[#6](=[#6](-[#8]-[#6](-[#6](-[#8]-[H])(-[H])-[H])(-[H])-[H])-[#6](=[#6]-1-[H])-[H])-[H])-[H])-[#6]1=[#6](-[#6](=[#6](-[#8]-[#6](-[#6](-[#8]-[H])(-[H])-[H])(-[H])-[H])-[#6](=[#6]-1-[H])-[H])-[H])-[H],[#8]=[#6]=[#7]-[#6]1=[#6](-[#6](=[#6]2-[#6](=[#6]-1-[H])-[#6](=[#8])-[#7](-[#6]1=[#6](-[#6](=[#6](-[#15](=[#8])(-[#6]3=[#6](-[#6](=[#6](-[#6](=[#6]-3-[H])-[H])-[H])-[H])-[H])-[#6]3=[#6](-[#6](=[#6](-[#7]4-[#6](=[#8])-[#6]5=[#6](-[#6](=[#6](-[#7]=[#6]=[#8])-[#6](=[#6]-5-[#6]-4=[#8])-[H])-[H])-[H])-[#6](=[#6]-3-[H])-[H])-[H])-[H])-[#6](=[#6]-1-[H])-[H])-[H])-[H])-[#6]-2=[#8])-[H])-[H]
23,urethane,[#8](-[#6](-[#6]1=[#6](-[#6](=[#6](-[#6](-[#6](-[#8]-[H])(-[H])-[H])=[#7]-1)-[H])-[H])-[H])(-[H])-[H])-[H],[#8]=[#6]=[#7]-[#6](-[#6](-[#6](-[#6](-[#7]=[#6]=[#8])(-[H])-[H])(-[H])-[H])(-[H])-[H])(-[H])-[H]
24,urethane,[#8](-[#6](-[#6](-[#8]-[#6](-[#6](-[#8]-[#6](-[#6](-[#8]-[#6](-[#6](-[#8]-[H])(-[H])-[H])(-[H])-[H])(-[H])-[H])(-[H])-[H])(-[H])-[H])(-[H])-[H])(-[H])-[H])(-[H])-[H])-[H],[#8]=[#6]=[#7]-[#6](-[#6](-[#6](-[#6](-[#6](-[#6](-[#7]=[#6]=[#8])(-[H])-[H])(-[H])-[H])(-[H])-[H])(-[H])-[H])(-[H])-[H])(-[H])-[H]
25,urethane,[#8](-[#6]1=[#6](-[#6](=[#6](-[#6]2=[#6](-[#6](=[#6](-[#8]-[H])-[#6](=[#6]-2-[H])-[H])-[H])-[H])-[#6](=[#6]-1-[H])-[H])-[H])-[H])-[H],[#8]=[#6]=[#7]-[#6]1=[#6](-[#6](=[#6]2-[#6](=[#6]-1-[H])-[#6](=[#8])-[#7](-[#6]1=[#6](-[#6](=[#6](-[#6]3=[#6](-[#6](-[#6]4=[#6](-[#6](=[#6](-[#6]5=[#6](-[#6](=[#6](-[#6](=[#6]-5-[H])-[H])-[H])-[H])-[H])-[#6](=[#6]-4-[H])-[H])-[H])-[H])=[#6](-[#6](-[#6]4=[#6](-[#6](=[#6](-[#7]5-[#6](=[#8])-[#6]6=[#6](-[#6](=[#6](-[#7]=[#6]=[#8])-[#6](=[#6]-6-[#6]-5=[#8])-[H])-[H])-[H])-[#6](=[#6]-4-[H])-[H])-[H])-[H])=[#6]-3-[H])-[H])-[H])-[#6](=[#6]-1-[H])-[H])-[H])-[H])-[#6]-2=[#8])-[H])-[H]
26,urethane,[#8](-[#6](-[#6](-[#8]-[H])(-[H])-[H])(-[H])-[H])-[H],[#6](-[#6]1(-[#6](-[H])(-[H])-[H])-[#6](-[#6](-[#7]=[#6]=[#8])(-[#6](-[#6](-[#6](-[H])(-[H])-[H])(-[#6](-[#7]=[#6]=[#8])(-[H])-[H])-[#6]-1(-[H])-[H])(-[H])-[H])-[H])(-[H])-[H])(-[H])(-[H])-[H]
27,urethane,[#6](-[#6](-[#6](-[H])(-[H])-[H])(-[#6]1=[#6](-[#6](=[#6](-[#8]-[#6](-[#6](-[#8]-[H])(-[H])-[H])(-[H])-[H])-[#6](=[#6]-1-[H])-[H])-[H])-[H])-[#6]1=[#6](-[#6](=[#6](-[#8]-[#6](-[#6](-[#8]-[H])(-[H])-[H])(-[H])-[H])-[#6](=[#6]-1-[H])-[H])-[H])-[H])(-[H])(-[H])-[H],[#6](-[#15](=[#8])(-[#6]1=[#6](-[#6](=[#6](-[#7]2-[#6](=[#8])-[#6]3=[#6](-[#6](=[#6](-[#7]=[#6]=[#8])-[#6](=[#6]-3-[#6]-2=[#8])-[H])-[H])-[H])-[#6](=[#6]-1-[H])-[H])-[H])-[H])-[#6]1=[#6](-[#6](=[#6](-[#7]2-[#6](=[#8])-[#6]3=[#6](-[#6](=[#6](-[#7]=[#6]=[#8])-[#6](=[#6]-3-[#6]-2=[#8])-[H])-[H])-[H])-[#6](=[#6]-1-[H])-[H])-[H])-[H])(-[H])(-[H])-[H]
28,urethane,[#8]=[#7+](-[#8-])-[#6]1=[#6](-[#6](=[#6](-[#7]=[#7]-[#6]2=[#6](-[#6](=[#6](-[#7](-[#6](-[#6](-[#8]-[H])(-[H])-[H])(-[H])-[H])-[#6](-[#6](-[#8]-[H])(-[H])-[H])(-[H])-[H])-[#6](=[#6]-2-[H])-[H])-[H])-[H])-[#6](=[#6]-1-[H])-[H])-[H])-[H],[#8]=[#6]=[#7]-[#6]1=[#6](-[#6](=[#6](-[#6](-[#6]2=[#6](-[#6](=[#6](-[#7]=[#6]=[#8])-[#6](=[#6]-2-[H])-[H])-[H])-[H])(-[H])-[H])-[#6](=[#6]-1-[H])-[H])-[H])-[H]
29,urethane,[#8](-[#6](-[#6](-[#6](-[#6](-[#8]-[H])(-[H])-[H])(-[H])-[H])(-[H])-[H])(-[H])-[H])-[H],[#8]=[#6]=[#7]-[#6]1=[#6](-[#6](=[#6](-[#6](-[#6]2=[#6](-[#6](=[#6](-[#7]=[#6]=[#8])-[#6](=[#6]-2-[H])-[H])-[H])-[H])(-[H])-[H])-[#6](=[#6]-1-[H])-[H])-[H])-[H]
30,urethane,[#8](-[#6](-[#6](-[#8]-[#6]1=[#6](-[#6](=[#6](-[#6](-[#6]2=[#6](-[#6](=[#6](-[#8]-[#6](-[#6](-[#8]-[H])(-[H])-[H])(-[H])-[H])-[#6](=[#6]-2-[H])-[H])-[H])-[H])(-[#6](-[#9])(-[#9])-[#9])-[#6](-[#9])(-[#9])-[#9])-[#6](=[#6]-1-[H])-[H])-[H])-[H])(-[H])-[H])(-[H])-[H])-[H],[#6](-[#15](=[#8])(-[#6]1=[#6](-[#6](=[#6](-[#7]2-[#6](=[#8])-[#6]3=[#6](-[#6](=[#6](-[#7]=[#6]=[#8])-[#6](=[#6]-3-[#6]-2=[#8])-[H])-[H])-[H])-[#6](=[#6]-1-[H])-[H])-[H])-[H])-[#6]1=[#6](-[#6](=[#6](-[#7]2-[#6](=[#8])-[#6]3=[#6](-[#6](=[#6](-[#7]=[#6]=[#8])-[#6](=[#6]-3-[#6]-2=[#8])-[H])-[H])-[H])-[#6](=[#6]-1-[H])-[H])-[H])-[H])(-[H])(-[H])-[H]
31,urethane,[#6](-[#7](-[#6](-[H])(-[H])-[H])-[#6](-[#6](-[#6](-[H])(-[H])-[H])(-[#6](-[#8]-[H])(-[H])-[H])-[#6](-[#8]-[#6](-[#6](-[#6](-[H])(-[H])-[H])(-[#6](-[#8]-[H])(-[H])-[H])-[#6](-[#7](-[#6](-[H])(-[H])-[H])-[#6](-[H])(-[H])-[H])(-[H])-[H])(-[H])-[H])(-[H])-[H])(-[H])-[H])(-[H])(-[H])-[H],[#8]=[#6]=[#7]-[#6](-[#6](-[#6](-[#6](-[#7]=[#6]=[#8])(-[H])-[H])(-[H])-[H])(-[H])-[H])(-[H])-[H]
32,urethane,[#8](-[#6](-[#6](-[#6](-[#8]-[H])(-[H])-[H])(-[H])-[H])(-[H])-[H])-[H],[#6](-[#6]1(-[#6](-[H])(-[H])-[H])-[#6](-[#6](-[#7]=[#6]=[#8])(-[#6](-[#6](-[#6](-[H])(-[H])-[H])(-[#6](-[#7]=[#6]=[#8])(-[H])-[H])-[#6]-1(-[H])-[H])(-[H])-[H])-[H])(-[H])-[H])(-[H])(-[H])-[H]
33,urethane,[#8](-[#6](-[#6](-[#6](-[#8]-[H])(-[H])-[H])(-[H])-[H])(-[H])-[H])-[H],[#8]=[#6]=[#7]-[#6](-[#6](-[#6](-[#6](-[#6](-[#6](-[#7]=[#6]=[#8])(-[H])-[H])(-[H])-[H])(-[H])-[H])(-[H])-[H])(-[H])-[H])(-[H])-[H]
34,urethane,[#8](-[#6](-[#6](-[#6](-[#6](-[#6](-[#6](-[#6](-[#6](-[#6](-[#6](-[#8]-[H])(-[H])-[H])(-[H])-[H])(-[H])-[H])(-[H])-[H])(-[H])-[H])(-[H])-[H])(-[H])-[H])(-[H])-[H])(-[H])-[H])(-[H])-[H])-[H],[#8]=[#6]=[#7]-[#6](-[#6](-[#6](-[#6](-[#6](-[#6](-[#6](-[#6](-[#6](-[#6](-[#7]=[#6]=[#8])(-[H])-[H])(-[H])-[H])(-[H])-[H])(-[H])-[H])(-[H])-[H])(-[H])-[H])(-[H])-[H])(-[H])-[H])(-[H])-[H])(-[H])-[H]
35,urethane,[#8](-[#6](-[#6]1=[#6](-[#6](=[#6](-[#6](-[#6](-[#8]-[H])(-[H])-[H])=[#7]-1)-[H])-[H])-[H])(-[H])-[H])-[H],[#8]=[#6]=[#7]-[#6]1=[#6](-[#6](=[#6](-[#6](-[#6]2=[#6](-[#6](=[#6](-[#7]=[#6]=[#8])-[#6](=[#6]-2-[H])-[H])-[H])-[H])(-[H])-[H])-[#6](=[#6]-1-[H])-[H])-[H])-[H]
36,urethane,[#8](-[#6](-[#6]1(-[#6](-[#6]2(-[#6]3(-[#6](-[#6](-[#6](-[#8]-[H])(-[H])-[H])(-[#6](-[#6]-3(-[H])-[H])(-[#6]-2(-[#6]-1(-[H])-[H])-[H])-[H])-[H])(-[H])-[H])-[H])-[H])(-[H])-[H])-[H])(-[H])-[H])-[H],[#8]=[#6]=[#7]-[#6](-[#6]1(-[#6](-[#6](-[#6](-[#6](-[#6](-[#7]=[#6]=[#8])(-[H])-[H])(-[#6]-1(-[H])-[H])-[H])(-[H])-[H])(-[H])-[H])(-[H])-[H])-[H])(-[H])-[H]
37,urethane,[#8](-[#6](-[#6]1(-[#6](-[#6](-[#6](-[#6](-[#8]-[H])(-[H])-[H])(-[#6](-[#6]-1(-[H])-[H])(-[H])-[H])-[H])(-[H])-[H])(-[H])-[H])-[H])(-[H])-[H])-[H],[#8]=[#6]=[#7]-[#6](-[#6](-[#6](-[#6](-[#6](-[#6](-[#7]=[#6]=[#8])(-[H])-[H])(-[H])-[H])(-[H])-[H])(-[H])-[H])(-[H])-[H])(-[H])-[H]
38,urethane,[#6](-[#6](-[#6](-[H])(-[H])-[H])(-[#6]1=[#6](-[#6](=[#6](-[#8]-[#6](-[#6](-[#8]-[H])(-[H])-[H])(-[H])-[H])-[#6](=[#6]-1-[H])-[H])-[H])-[H])-[#6]1=[#6](-[#6](=[#6](-[#8]-[#6](-[#6](-[#8]-[H])(-[H])-[H])(-[H])-[H])-[#6](=[#6]-1-[H])-[H])-[H])-[H])(-[H])(-[H])-[H],[#8]=[#6]=[#7]-[#6]1=[#6](-[#6](=[#6]2-[#6](=[#6]-1-[H])-[#6](=[#8])-[#7](-[#6]1=[#6](-[#6](=[#6](-[#15](=[#8])(-[#6]3=[#6](-[#6](=[#6](-[#6](=[#6]-3-[H])-[H])-[H])-[H])-[H])-[#6]3=[#6](-[#6](=[#6](-[#7]4-[#6](=[#8])-[#6]5=[#6](-[#6](=[#6](-[#7]=[#6]=[#8])-[#6](=[#6]-5-[#6]-4=[#8])-[H])-[H])-[H])-[#6](=[#6]-3-[H])-[H])-[H])-[H])-[#6](=[#6]-1-[H])-[H])-[H])-[H])-[#6]-2=[#8])-[H])-[H]
39,urethane,[#8](-[#6](-[#6]1(-[#6](-[#6](-[#6](-[#6](-[#8]-[H])(-[H])-[H])(-[#6](-[#6]-1(-[H])-[H])(-[H])-[H])-[H])(-[H])-[H])(-[H])-[H])-[H])(-[H])-[H])-[H],[#8]=[#6]=[#7]-[#6]1(-[#6](-[#6](-[#6](-[#7]=[#6]=[#8])(-[#6](-[#6]-1(-[H])-[H])(-[H])-[H])-[H])(-[H])-[H])(-[H])-[H])-[H]
40,urethane,[#8](-[#6](-[#6](-[#6](-[#6](-[#8]-[H])(-[H])-[H])(-[H])-[H])(-[H])-[H])(-[H])-[H])-[H],[#8]=[#6]=[#7]-[#6](-[#6]1(-[#6](-[#6](-[#6](-[#6](-[#6](-[#7]=[#6]=[#8])(-[H])-[H])(-[#6]-1(-[H])-[H])-[H])(-[H])-[H])(-[H])-[H])(-[H])-[H])-[H])(-[H])-[H]
41,urethane,[#8](-[#6](-[#6](-[#6](-[#6](-[#6](-[#6](-[#6](-[#6](-[#6](-[#6](-[#6](-[#6](-[#6](-[#6](-[#6](-[#6](-[#6](-[#6](-[#6](-[#6](-[#8]-[H])(-[H])-[H])(-[H])-[H])(-[H])-[H])(-[H])-[H])(-[H])-[H])(-[H])-[H])(-[H])-[H])(-[H])-[H])(-[H])-[H])(-[H])-[H])(-[H])-[H])(-[H])-[H])(-[H])-[H])(-[H])-[H])(-[H])-[H])(-[H])-[H])(-[H])-[H])(-[H])-[H])(-[H])-[H])(-[H])-[H])-[H],[#8]=[#6]=[#7]-[#6](-[#6](-[#6](-[#6](-[#6](-[#6](-[#6](-[#6](-[#6](-[#6](-[#6](-[#6](-[#6](-[#6](-[#6](-[#6](-[#6](-[#6](-[#7]=[#6]=[#8])(-[H])-[H])(-[H])-[H])(-[H])-[H])(-[H])-[H])(-[H])-[H])(-[H])-[H])(-[H])-[H])(-[H])-[H])(-[H])-[H])(-[H])-[H])(-[H])-[H])(-[H])-[H])(-[H])-[H])(-[H])-[H])(-[H])-[H])(-[H])-[H])(-[H])-[H])(-[H])-[H]
42,urethane,[#8](-[#6]1=[#6](-[#6](=[#6](-[#6](-[#8]-[H])=[#6]-1-[H])-[H])-[H])-[H])-[H],[#8]=[#6]=[#7]-[#6]1=[#6](-[#6](=[#6]2-[#6](=[#6]-1-[H])-[#6](=[#8])-[#7](-[#6]1=[#6](-[#6](=[#6](-[#6]3=[#6](-[#6](-[#6]4=[#6](-[#6](=[#6](-[#6]5=[#6](-[#6](=[#6](-[#6](=[#6]-5-[H])-[H])-[H])-[H])-[H])-[#6](=[#6]-4-[H])-[H])-[H])-[H])=[#6](-[#6](-[#6]4=[#6](-[#6](=[#6](-[#7]5-[#6](=[#8])-[#6]6=[#6](-[#6](=[#6](-[#7]=[#6]=[#8])-[#6](=[#6]-6-[#6]-5=[#8])-[H])-[H])-[H])-[#6](=[#6]-4-[H])-[H])-[H])-[H])=[#7]-3)-[H])-[H])-[#6](=[#6]-1-[H])-[H])-[H])-[H])-[#6]-2=[#8])-[H])-[H]
43,urethane,[#8](-[#6](-[#6]1(-[#6](-[#6]2(-[#6]3(-[#6](-[#6](-[#6](-[#8]-[H])(-[H])-[H])(-[#6](-[#6]-3(-[H])-[H])(-[#6]-2(-[#6]-1(-[H])-[H])-[H])-[H])-[H])(-[H])-[H])-[H])-[H])(-[H])-[H])-[H])(-[H])-[H])-[H],[#6](-[#6]1(-[#6](-[H])(-[H])-[H])-[#6](-[#6](-[#7]=[#6]=[#8])(-[#6](-[#6](-[#6](-[H])(-[H])-[H])(-[#6](-[#7]=[#6]=[#8])(-[H])-[H])-[#6]-1(-[H])-[H])(-[H])-[H])-[H])(-[H])-[H])(-[H])(-[H])-[H]
44,urethane,[#8](-[#6]1=[#6](-[#6](=[#6](-[#7]=[#6](-[#6]2=[#6](-[#6](=[#6](-[#6](=[#7]-[#6]3=[#6](-[#6](=[#6](-[#8]-[H])-[#6](=[#6]-3-[H])-[H])-[H])-[H])-[H])-[#6](=[#6]-2-[H])-[H])-[H])-[H])-[H])-[#6](=[#6]-1-[H])-[H])-[H])-[H])-[H],[#8]=[#6]=[#7]-[#6]1=[#6](-[#6](=[#6](-[#6](-[#6]2=[#6](-[#6](=[#6](-[#7]=[#6]=[#8])-[#6](=[#6]-2-[H])-[H])-[H])-[H])(-[H])-[H])-[#6](=[#6]-1-[H])-[H])-[H])-[H]
45,urethane,[#6](-[#6](-[#6](-[H])(-[H])-[H])(-[#6]1=[#6](-[#6](-[#35])=[#6](-[#8]-[#6](-[#6](-[#8]-[H])(-[H])-[H])(-[H])-[H])-[#6](-[#35])=[#6]-1-[H])-[H])-[#6]1=[#6](-[#6](-[#35])=[#6](-[#8]-[#6](-[#6](-[#8]-[H])(-[H])-[H])(-[H])-[H])-[#6](-[#35])=[#6]-1-[H])-[H])(-[H])(-[H])-[H],[#8]=[#6]=[#7]-[#6]1=[#6](-[#6](=[#6]2-[#6](=[#6]-1-[H])-[#6](=[#8])-[#7](-[#6]1=[#6](-[#6](=[#6](-[#15](=[#8])(-[#6]3=[#6](-[#6](=[#6](-[#6](=[#6]-3-[H])-[H])-[H])-[H])-[H])-[#6]3=[#6](-[#6](=[#6](-[#7]4-[#6](=[#8])-[#6]5=[#6](-[#6](=[#6](-[#7]=[#6]=[#8])-[#6](=[#6]-5-[#6]-4=[#8])-[H])-[H])-[H])-[#6](=[#6]-3-[H])-[H])-[H])-[H])-[#6](=[#6]-1-[H])-[H])-[H])-[H])-[#6]-2=[#8])-[H])-[H]
46,urethane,[#8](-[#6](-[#6](-[#8]-[#6](-[#6](-[#8]-[H])(-[H])-[H])(-[H])-[H])(-[H])-[H])(-[H])-[H])-[H],[#8]=[#6]=[#7]-[#6](-[#6](-[#6](-[#6](-[#6](-[#6](-[#7]=[#6]=[#8])(-[H])-[H])(-[H])-[H])(-[H])-[H])(-[H])-[H])(-[H])-[H])(-[H])-[H]
47,urethane,[#8](-[#6](-[#6](-[#6](-[#6](-[#6](-[#6](-[#8]-[#6]1=[#6](-[#6](=[#6](-[#6]2=[#6](-[#6](=[#6](-[#8]-[#6](-[#6](-[#6](-[#6](-[#6](-[#6](-[#8]-[H])(-[H])-[H])(-[H])-[H])(-[H])-[H])(-[H])-[H])(-[H])-[H])(-[H])-[H])-[#6](=[#6]-2-[H])-[H])-[H])-[H])-[#6](=[#6]-1-[H])-[H])-[H])-[H])(-[H])-[H])(-[H])-[H])(-[H])-[H])(-[H])-[H])(-[H])-[H])(-[H])-[H])-[H],[#6](-[#6]1=[#6](-[#6](=[#6](-[#7]=[#6]=[#8])-[#6](=[#6]-1-[#7]=[#6]=[#8])-[H])-[H])-[H])(-[H])(-[H])-[H]
48,urethane,[#6](-[#6](-[#6](-[H])(-[H])-[H])(-[#6]1=[#6](-[#6](=[#6](-[#8]-[H])-[#6](=[#6]-1-[H])-[H])-[H])-[H])-[#6]1=[#6](-[#6](=[#6](-[#8]-[H])-[#6](=[#6]-1-[H])-[H])-[H])-[H])(-[H])(-[H])-[H],[#8]=[#6]=[#7]-[#6]1=[#6](-[#6](=[#6]2-[#6](=[#6]-1-[H])-[#6](=[#8])-[#7](-[#6]1=[#6](-[#6](=[#6](-[#6]3=[#6](-[#6](-[#6]4=[#6](-[#6](=[#6](-[#6]5=[#6](-[#6](=[#6](-[#6](=[#6]-5-[H])-[H])-[H])-[H])-[H])-[#6](=[#6]-4-[H])-[H])-[H])-[H])=[#6](-[#6](-[#6]4=[#6](-[#6](=[#6](-[#7]5-[#6](=[#8])-[#6]6=[#6](-[#6](=[#6](-[#7]=[#6]=[#8])-[#6](=[#6]-6-[#6]-5=[#8])-[H])-[H])-[H])-[#6](=[#6]-4-[H])-[H])-[H])-[H])=[#6]-3-[H])-[H])-[H])-[#6](=[#6]-1-[H])-[H])-[H])-[H])-[#6]-2=[#8])-[H])-[H]
49,urethane,[#8]=[#7+](-[#8-])-[#6]1=[#6](-[#7]=[#6](-[#7]=[#7]-[#6]2=[#6](-[#6](=[#6](-[#7](-[#6](-[#6](-[#8]-[H])(-[H])-[H])(-[H])-[H])-[#6](-[#6](-[#8]-[H])(-[H])-[H])(-[H])-[H])-[#6](=[#6]-2-[H])-[H])-[H])-[H])-[#16]-1)-[H],[#8]=[#6]=[#7]-[#6]1=[#6](-[#6](=[#6](-[#6](-[#6]2=[#6](-[#6](=[#6](-[#7]=[#6]=[#8])-[#6](=[#6]-2-[H])-[H])-[H])-[H])(-[H])-[H])-[#6](=[#6]-1-[H])-[H])-[H])-[H]
50,urethane,[#8](-[#6](-[#6](-[#6](-[#6](-[#6](-[#6](-[#6](-[#6](-[#6](-[#6](-[#8]-[H])(-[H])-[H])(-[H])-[H])(-[H])-[H])(-[H])-[H])(-[H])-[H])(-[H])-[H])(-[H])-[H])(-[H])-[H])(-[H])-[H])(-[H])-[H])-[H],[#6](-[#6](-[#6](-[#6](-[#6](-[#6](-[#6](-[#6](-[#6](=[#6](-[#6](-[#6](-[#6](-[#6](-[#6](-[#6](-[#6](-[#6](-[#7]=[#6]=[#8])(-[H])-[H])(-[H])-[H])(-[H])-[H])(-[H])-[H])(-[H])-[H])(-[H])-[H])(-[H])-[H])(-[H])-[H])-[H])-[H])(-[H])-[H])(-[#7]=[#6]=[#8])-[H])(-[H])-[H])(-[H])-[H])(-[H])-[H])(-[H])-[H])(-[H])-[H])(-[H])(-[H])-[H]
51,urethane,[#8](-[#6](-[#6](-[#6](-[#6](-[#6](-[#6](-[#6](-[#6](-[#6](-[#6](-[#8]-[H])(-[H])-[H])(-[H])-[H])(-[H])-[H])(-[H])-[H])(-[H])-[H])(-[H])-[H])(-[H])-[H])(-[H])-[H])(-[H])-[H])(-[H])-[H])-[H],[#8]=[#6]=[#7]-[#6](-[#6](-[#6](-[#6](-[#6](-[#6](-[#7]=[#6]=[#8])(-[H])-[H])(-[H])-[H])(-[H])-[H])(-[H])-[H])(-[H])-[H])(-[H])-[H]
52,urethane,[#8](-[#6](-[#6](-[#6](-[#6](-[#6](-[#6](-[#6](-[#6](-[#6](-[#6](-[#8]-[H])(-[H])-[H])(-[H])-[H])(-[H])-[H])(-[H])-[H])(-[H])-[H])(-[H])-[H])(-[H])-[H])(-[H])-[H])(-[H])-[H])(-[H])-[H])-[H],[#8]=[#6]=[#7]-[#6](-[#6](-[#6](-[#6](-[#6](-[#6](-[#6](-[#6](-[#7]=[#6]=[#8])(-[H])-[H])(-[H])-[H])(-[H])-[H])(-[H])-[H])(-[H])-[H])(-[H])-[H])(-[H])-[H])(-[H])-[H]
53,urethane,[#8](-[#6](-[#6](-[#6](-[#6](-[#6](-[#6](-[#8]-[H])(-[H])-[H])(-[H])-[H])(-[H])-[H])(-[H])-[H])(-[H])-[H])(-[H])-[H])-[H],[#6](-[#6]1(-[#6](-[H])(-[H])-[H])-[#6](-[#6](-[#7]=[#6]=[#8])(-[#6](-[#6](-[#6](-[H])(-[H])-[H])(-[#6](-[#7]=[#6]=[#8])(-[H])-[H])-[#6]-1(-[H])-[H])(-[H])-[H])-[H])(-[H])-[H])(-[H])(-[H])-[H]
54,urethane,[#8](-[#6](-[#6](-[#6](-[#6](-[#6](-[#6](-[#8]-[H])(-[H])-[H])(-[H])-[H])(-[H])-[H])(-[H])-[H])(-[H])-[H])(-[H])-[H])-[H],[#8]=[#6]=[#7]-[#6]1(-[#6](-[#6](-[#6](-[#7]=[#6]=[#8])(-[#6](-[#6]-1(-[H])-[H])(-[H])-[H])-[H])(-[H])-[H])(-[H])-[H])-[H]
55,urethane,[#8](-[#6]1(-[#6](-[#6](-[#6](-[#8]-[H])(-[#6](-[#6]-1(-[H])-[H])(-[H])-[H])-[H])(-[H])-[H])(-[H])-[H])-[H])-[H],[#8]=[#6]=[#7]-[#6](-[#6](-[#6](-[#6](-[#6](-[#6](-[#7]=[#6]=[#8])(-[H])-[H])(-[H])-[H])(-[H])-[H])(-[H])-[H])(-[H])-[H])(-[H])-[H]
56,urethane,[#6](-[#7](-[#6](-[H])(-[H])-[H])-[#6](-[#6](-[#6](-[H])(-[H])-[H])(-[#6](-[#8]-[H])(-[H])-[H])-[#6](-[#8]-[H])(-[H])-[H])(-[H])-[H])(-[H])(-[H])-[H],[#8]=[#6]=[#7]-[#6](-[#6](-[#6](-[#6](-[#7]=[#6]=[#8])(-[H])-[H])(-[H])-[H])(-[H])-[H])(-[H])-[H]
57,urethane,[#8](-[#6]1=[#6](-[#6](=[#6](-[#6](=[#6]-1-[#6]1=[#6](-[#6](=[#6](-[#6](=[#6]-1-[#8]-[H])-[H])-[H])-[H])-[H])-[H])-[H])-[H])-[H])-[H],[#8]=[#6]=[#7]-[#6]1=[#6](-[#6](=[#6]2-[#6](=[#6]-1-[H])-[#6](=[#8])-[#7](-[#6]1=[#6](-[#6](=[#6](-[#6]3=[#6](-[#6](-[#6]4=[#6](-[#6](=[#6](-[#6]5=[#6](-[#6](=[#6](-[#6](=[#6]-5-[H])-[H])-[H])-[H])-[H])-[#6](=[#6]-4-[H])-[H])-[H])-[H])=[#6](-[#6](-[#6]4=[#6](-[#6](=[#6](-[#7]5-[#6](=[#8])-[#6]6=[#6](-[#6](=[#6](-[#7]=[#6]=[#8])-[#6](=[#6]-6-[#6]-5=[#8])-[H])-[H])-[H])-[#6](=[#6]-4-[H])-[H])-[H])-[H])=[#6]-3-[H])-[H])-[H])-[#6](=[#6]-1-[H])-[H])-[H])-[H])-[#6]-2=[#8])-[H])-[H]
58,urethane,[#8](-[#6](-[#6](-[#6](-[#6](-[#6](-[#6](-[#8]-[H])(-[H])-[H])(-[H])-[H])(-[H])-[H])(-[H])-[H])(-[H])-[H])(-[H])-[H])-[H],[#8]=[#6]=[#7]-[#6](-[#6](-[#6](-[#6](-[#6](-[#6](-[#7]=[#6]=[#8])(-[H])-[H])(-[H])-[H])(-[H])-[H])(-[H])-[H])(-[H])-[H])(-[H])-[H]
59,urethane,[#8](-[#6](-[#6](-[#8]-[H])(-[H])-[H])(-[H])-[H])-[H],[#8]=[#6]=[#7]-[#6]1=[#6](-[#6](=[#6](-[#6](-[#6]2=[#6](-[#6](=[#6](-[#7]=[#6]=[#8])-[#6](=[#6]-2-[H])-[H])-[H])-[H])(-[H])-[H])-[#6](=[#6]-1-[H])-[H])-[H])-[H]
60,urethane,[#8](-[#6](-[#6](-[#6](-[#6](-[#8]-[H])(-[H])-[H])(-[H])-[H])(-[H])-[H])(-[H])-[H])-[H],[#8]=[#6]=[#7]-[#6](-[#6](-[#6](-[#6](-[#6](-[#6](-[#7]=[#6]=[#8])(-[H])-[H])(-[H])-[H])(-[H])-[H])(-[H])-[H])(-[H])-[H])(-[H])-[H]
61,urethane,[#8](-[#6](-[#6](-[#8]-[H])(-[H])-[H])(-[H])-[H])-[H],[#8]=[#6]=[#7]-[#6](-[#6](-[#6](-[#6](-[#6](-[#6](-[#7]=[#6]=[#8])(-[H])-[H])(-[H])-[H])(-[H])-[H])(-[H])-[H])(-[H])-[H])(-[H])-[H]
62,urethane,[#8](-[#6](-[#6]1(-[#6](-[#6](-[#6](-[#6](-[#8]-[H])(-[H])-[H])(-[#6](-[#6]-1(-[H])-[H])(-[H])-[H])-[H])(-[H])-[H])(-[H])-[H])-[H])(-[H])-[H])-[H],[#6](-[#6]1(-[#6](-[H])(-[H])-[H])-[#6](-[#6](-[#7]=[#6]=[#8])(-[#6](-[#6](-[#6](-[H])(-[H])-[H])(-[#6](-[#7]=[#6]=[#8])(-[H])-[H])-[#6]-1(-[H])-[H])(-[H])-[H])-[H])(-[H])-[H])(-[H])(-[H])-[H]
